<?xml version="1.0" encoding="UTF-8"?><module codename="org.netbeans.modules.editor.util/1">
    <module_version install_time="1360795737568" last="true" origin="installer" specification_version="1.52.1">
        <file crc="1365010955" name="config/Modules/org-netbeans-modules-editor-util.xml"/>
        <file crc="1257233339" name="modules/locale/org-netbeans-modules-editor-util_ja.jar"/>
        <file crc="4068931537" name="modules/locale/org-netbeans-modules-editor-util_pt_BR.jar"/>
        <file crc="3410787290" name="modules/locale/org-netbeans-modules-editor-util_ru.jar"/>
        <file crc="1370636598" name="modules/locale/org-netbeans-modules-editor-util_zh_CN.jar"/>
        <file crc="615619489" name="modules/org-netbeans-modules-editor-util.jar"/>
    </module_version>
</module>
