<?xml version="1.0" encoding="UTF-8"?><module codename="org.netbeans.modules.image/1">
    <module_version install_time="1360796988016" last="true" origin="installer" specification_version="1.38.1">
        <file crc="3486416273" name="config/Modules/org-netbeans-modules-image.xml"/>
        <file crc="1821355983" name="modules/locale/org-netbeans-modules-image_ja.jar"/>
        <file crc="2390757184" name="modules/locale/org-netbeans-modules-image_pt_BR.jar"/>
        <file crc="4189941614" name="modules/locale/org-netbeans-modules-image_ru.jar"/>
        <file crc="1720521975" name="modules/locale/org-netbeans-modules-image_zh_CN.jar"/>
        <file crc="857767272" name="modules/org-netbeans-modules-image.jar"/>
    </module_version>
</module>
