<?xml version="1.0" encoding="UTF-8"?><module codename="org.netbeans.modules.mylyn.util">
    <module_version install_time="1360796561787" last="true" origin="installer" specification_version="1.2.1">
        <file crc="1042579023" name="config/Modules/org-netbeans-modules-mylyn-util.xml"/>
        <file crc="1481737147" name="modules/locale/org-netbeans-modules-mylyn-util_ja.jar"/>
        <file crc="2965422280" name="modules/locale/org-netbeans-modules-mylyn-util_pt_BR.jar"/>
        <file crc="2920094992" name="modules/locale/org-netbeans-modules-mylyn-util_ru.jar"/>
        <file crc="2947689365" name="modules/locale/org-netbeans-modules-mylyn-util_zh_CN.jar"/>
        <file crc="3445387981" name="modules/org-netbeans-modules-mylyn-util.jar"/>
    </module_version>
</module>
