<?xml version="1.0" encoding="UTF-8"?><module codename="org.netbeans.modules.projectui.buildmenu/1">
    <module_version install_time="1360797315403" last="true" origin="installer" specification_version="1.17.1.1">
        <file crc="1083163641" name="config/Modules/org-netbeans-modules-projectui-buildmenu.xml"/>
        <file crc="784724012" name="modules/locale/org-netbeans-modules-projectui-buildmenu_ja.jar"/>
        <file crc="1996258303" name="modules/locale/org-netbeans-modules-projectui-buildmenu_pt_BR.jar"/>
        <file crc="1218441832" name="modules/locale/org-netbeans-modules-projectui-buildmenu_ru.jar"/>
        <file crc="2877843949" name="modules/locale/org-netbeans-modules-projectui-buildmenu_zh_CN.jar"/>
        <file crc="3711170282" name="modules/org-netbeans-modules-projectui-buildmenu.jar"/>
    </module_version>
</module>
