<?xml version="1.0" encoding="UTF-8"?><module codename="org.netbeans.modules.javascript2.editor/1">
    <module_version install_time="1360798937201" last="true" origin="installer" specification_version="0.4.1">
        <file crc="558913452" name="config/Modules/org-netbeans-modules-javascript2-editor.xml"/>
        <file crc="3129083012" name="docs/jquery-api.xml"/>
        <file crc="1955550232" name="jsstubs/corestubs.zip"/>
        <file crc="1799933558" name="jsstubs/domstubs.zip"/>
        <file crc="3117609565" name="jsstubs/reststubs.zip"/>
        <file crc="2758740195" name="modules/locale/org-netbeans-modules-javascript2-editor_ja.jar"/>
        <file crc="2820779988" name="modules/locale/org-netbeans-modules-javascript2-editor_pt_BR.jar"/>
        <file crc="1259249058" name="modules/locale/org-netbeans-modules-javascript2-editor_ru.jar"/>
        <file crc="1826776686" name="modules/locale/org-netbeans-modules-javascript2-editor_zh_CN.jar"/>
        <file crc="3299818846" name="modules/org-netbeans-modules-javascript2-editor.jar"/>
    </module_version>
</module>
