<?xml version="1.0" encoding="UTF-8"?><module codename="org.netbeans.modules.tasklist.projectint/1">
    <module_version install_time="1360797119739" last="true" origin="installer" specification_version="1.19.1">
        <file crc="3766441604" name="config/Modules/org-netbeans-modules-tasklist-projectint.xml"/>
        <file crc="3096672143" name="modules/locale/org-netbeans-modules-tasklist-projectint_ja.jar"/>
        <file crc="1212945520" name="modules/locale/org-netbeans-modules-tasklist-projectint_pt_BR.jar"/>
        <file crc="1819475068" name="modules/locale/org-netbeans-modules-tasklist-projectint_ru.jar"/>
        <file crc="2942971767" name="modules/locale/org-netbeans-modules-tasklist-projectint_zh_CN.jar"/>
        <file crc="2299084110" name="modules/org-netbeans-modules-tasklist-projectint.jar"/>
    </module_version>
</module>
