<?xml version="1.0" encoding="UTF-8"?><module codename="org.netbeans.modules.xml.lexer">
    <module_version install_time="1360796173785" last="true" origin="installer" specification_version="1.20.1">
        <file crc="2479377366" name="config/Modules/org-netbeans-modules-xml-lexer.xml"/>
        <file crc="3030827734" name="modules/locale/org-netbeans-modules-xml-lexer_ja.jar"/>
        <file crc="2593124433" name="modules/locale/org-netbeans-modules-xml-lexer_pt_BR.jar"/>
        <file crc="4040702372" name="modules/locale/org-netbeans-modules-xml-lexer_ru.jar"/>
        <file crc="3880702346" name="modules/locale/org-netbeans-modules-xml-lexer_zh_CN.jar"/>
        <file crc="14304912" name="modules/org-netbeans-modules-xml-lexer.jar"/>
    </module_version>
</module>
