<?xml version="1.0" encoding="UTF-8"?><module codename="org.netbeans.modules.web.browser.api">
    <module_version install_time="1360798897685" last="true" origin="installer" specification_version="1.5.1">
        <file crc="1464846438" name="ant/nblib/org-netbeans-modules-web-browser-api.jar"/>
        <file crc="2917176736" name="config/Modules/org-netbeans-modules-web-browser-api.xml"/>
        <file crc="1257643250" name="modules/locale/org-netbeans-modules-web-browser-api_ja.jar"/>
        <file crc="2820061541" name="modules/locale/org-netbeans-modules-web-browser-api_pt_BR.jar"/>
        <file crc="1438649567" name="modules/locale/org-netbeans-modules-web-browser-api_ru.jar"/>
        <file crc="4145246790" name="modules/locale/org-netbeans-modules-web-browser-api_zh_CN.jar"/>
        <file crc="2724147489" name="modules/org-netbeans-modules-web-browser-api.jar"/>
    </module_version>
</module>
