<?xml version="1.0" encoding="UTF-8"?><module codename="org.netbeans.modules.xml.tools/2">
    <module_version install_time="1360798229076" last="true" origin="installer" specification_version="1.33.1">
        <file crc="3189568242" name="config/Modules/org-netbeans-modules-xml-tools.xml"/>
        <file crc="1382102220" name="modules/locale/org-netbeans-modules-xml-tools_ja.jar"/>
        <file crc="1235448499" name="modules/locale/org-netbeans-modules-xml-tools_pt_BR.jar"/>
        <file crc="3299475471" name="modules/locale/org-netbeans-modules-xml-tools_ru.jar"/>
        <file crc="706042314" name="modules/locale/org-netbeans-modules-xml-tools_zh_CN.jar"/>
        <file crc="2444782867" name="modules/org-netbeans-modules-xml-tools.jar"/>
    </module_version>
</module>
