<?xml version="1.0" encoding="UTF-8"?><module codename="org.netbeans.modules.xml.core/2">
    <module_version install_time="1360796801308" last="true" origin="installer" specification_version="1.33.1.4">
        <file crc="3628143465" name="config/Modules/org-netbeans-modules-xml-core.xml"/>
        <file crc="2163016007" name="modules/locale/org-netbeans-modules-xml-core_ja.jar"/>
        <file crc="965515270" name="modules/locale/org-netbeans-modules-xml-core_pt_BR.jar"/>
        <file crc="1685292598" name="modules/locale/org-netbeans-modules-xml-core_ru.jar"/>
        <file crc="3429007879" name="modules/locale/org-netbeans-modules-xml-core_zh_CN.jar"/>
        <file crc="535920171" name="modules/org-netbeans-modules-xml-core.jar"/>
    </module_version>
</module>
