<?xml version="1.0" encoding="UTF-8"?><module codename="org.netbeans.modules.utilities/1">
    <module_version install_time="1360796773338" last="true" origin="installer" specification_version="1.47.1">
        <file crc="754223576" name="config/Modules/org-netbeans-modules-utilities.xml"/>
        <file crc="1644259853" name="modules/locale/org-netbeans-modules-utilities_ja.jar"/>
        <file crc="2840759684" name="modules/locale/org-netbeans-modules-utilities_pt_BR.jar"/>
        <file crc="2384985963" name="modules/locale/org-netbeans-modules-utilities_ru.jar"/>
        <file crc="3594047565" name="modules/locale/org-netbeans-modules-utilities_zh_CN.jar"/>
        <file crc="916083711" name="modules/org-netbeans-modules-utilities.jar"/>
    </module_version>
</module>
