<?xml version="1.0" encoding="UTF-8"?><module codename="org.netbeans.modules.extexecution/2">
    <module_version install_time="1360796397334" last="true" origin="installer" specification_version="1.36.1">
        <file crc="3522709403" name="config/Modules/org-netbeans-modules-extexecution.xml"/>
        <file crc="1111537101" name="modules/locale/org-netbeans-modules-extexecution_ja.jar"/>
        <file crc="994814016" name="modules/locale/org-netbeans-modules-extexecution_pt_BR.jar"/>
        <file crc="2809250306" name="modules/locale/org-netbeans-modules-extexecution_ru.jar"/>
        <file crc="3029650071" name="modules/locale/org-netbeans-modules-extexecution_zh_CN.jar"/>
        <file crc="1242390063" name="modules/org-netbeans-modules-extexecution.jar"/>
    </module_version>
</module>
