<?xml version="1.0" encoding="UTF-8"?><module codename="org.netbeans.modules.servletapi/1">
    <module_version install_time="1360795818195" last="true" origin="installer" specification_version="1.30.1">
        <file crc="3516286118" name="config/Modules/org-netbeans-modules-servletapi.xml"/>
        <file crc="2746932137" name="modules/ext/servlet-2.2.jar"/>
        <file crc="1705614507" name="modules/locale/org-netbeans-modules-servletapi_ja.jar"/>
        <file crc="2277576461" name="modules/locale/org-netbeans-modules-servletapi_pt_BR.jar"/>
        <file crc="2425677167" name="modules/locale/org-netbeans-modules-servletapi_ru.jar"/>
        <file crc="2204374294" name="modules/locale/org-netbeans-modules-servletapi_zh_CN.jar"/>
        <file crc="3015764845" name="modules/org-netbeans-modules-servletapi.jar"/>
    </module_version>
</module>
