<?xml version="1.0" encoding="UTF-8"?><module codename="org.netbeans.libs.freemarker/1">
    <module_version install_time="1360796292098" last="true" origin="installer" specification_version="2.22.1.238">
        <file crc="637450760" name="config/Modules/org-netbeans-libs-freemarker.xml"/>
        <file crc="3751833499" name="modules/ext/freemarker-2.3.8.jar"/>
        <file crc="2863076079" name="modules/locale/org-netbeans-libs-freemarker_ja.jar"/>
        <file crc="3184288590" name="modules/locale/org-netbeans-libs-freemarker_pt_BR.jar"/>
        <file crc="680593507" name="modules/locale/org-netbeans-libs-freemarker_ru.jar"/>
        <file crc="3987067594" name="modules/locale/org-netbeans-libs-freemarker_zh_CN.jar"/>
        <file crc="1515082857" name="modules/org-netbeans-libs-freemarker.jar"/>
    </module_version>
</module>
