<?xml version="1.0" encoding="UTF-8"?><module codename="org.netbeans.modules.xml.text/2">
    <module_version install_time="1360798208050" last="true" origin="installer" specification_version="1.36.1">
        <file crc="3296438315" name="config/Modules/org-netbeans-modules-xml-text.xml"/>
        <file crc="2268535917" name="modules/locale/org-netbeans-modules-xml-text_ja.jar"/>
        <file crc="3683958394" name="modules/locale/org-netbeans-modules-xml-text_pt_BR.jar"/>
        <file crc="2823193827" name="modules/locale/org-netbeans-modules-xml-text_ru.jar"/>
        <file crc="3586802809" name="modules/locale/org-netbeans-modules-xml-text_zh_CN.jar"/>
        <file crc="1851493316" name="modules/org-netbeans-modules-xml-text.jar"/>
    </module_version>
</module>
