<?xml version="1.0" encoding="UTF-8"?><module codename="org.netbeans.modules.xsl/1">
    <module_version install_time="1360798238525" last="true" origin="installer" specification_version="1.33.1">
        <file crc="3819907189" name="config/Modules/org-netbeans-modules-xsl.xml"/>
        <file crc="2273172265" name="modules/locale/org-netbeans-modules-xsl_ja.jar"/>
        <file crc="336680642" name="modules/locale/org-netbeans-modules-xsl_pt_BR.jar"/>
        <file crc="4081532497" name="modules/locale/org-netbeans-modules-xsl_ru.jar"/>
        <file crc="2542448632" name="modules/locale/org-netbeans-modules-xsl_zh_CN.jar"/>
        <file crc="2161874184" name="modules/org-netbeans-modules-xsl.jar"/>
    </module_version>
</module>
