<?xml version="1.0" encoding="UTF-8"?><module codename="org.netbeans.modules.xml">
    <module_version install_time="1360798215241" last="true" origin="installer" specification_version="1.20.1">
        <file crc="4280234301" name="config/Modules/org-netbeans-modules-xml.xml"/>
        <file crc="262932635" name="modules/locale/org-netbeans-modules-xml_ja.jar"/>
        <file crc="2153289236" name="modules/locale/org-netbeans-modules-xml_pt_BR.jar"/>
        <file crc="1370034886" name="modules/locale/org-netbeans-modules-xml_ru.jar"/>
        <file crc="2383566650" name="modules/locale/org-netbeans-modules-xml_zh_CN.jar"/>
        <file crc="1172421411" name="modules/org-netbeans-modules-xml.jar"/>
    </module_version>
</module>
