<?xml version="1.0" encoding="UTF-8"?><module codename="org.netbeans.modules.db.dataview">
    <module_version install_time="1360797904630" last="true" origin="installer" specification_version="1.18.1">
        <file crc="3221262164" name="config/Modules/org-netbeans-modules-db-dataview.xml"/>
        <file crc="952117176" name="modules/locale/org-netbeans-modules-db-dataview_ja.jar"/>
        <file crc="2147539056" name="modules/locale/org-netbeans-modules-db-dataview_pt_BR.jar"/>
        <file crc="407930996" name="modules/locale/org-netbeans-modules-db-dataview_ru.jar"/>
        <file crc="2291174511" name="modules/locale/org-netbeans-modules-db-dataview_zh_CN.jar"/>
        <file crc="2103347742" name="modules/org-netbeans-modules-db-dataview.jar"/>
    </module_version>
</module>
