<?xml version="1.0" encoding="UTF-8"?><module codename="org.netbeans.modules.javascript2.kit/1">
    <module_version install_time="1360798943416" last="true" origin="installer" specification_version="0.3.1">
        <file crc="552371641" name="config/Modules/org-netbeans-modules-javascript2-kit.xml"/>
        <file crc="2688525855" name="modules/locale/org-netbeans-modules-javascript2-kit_ja.jar"/>
        <file crc="1507183234" name="modules/locale/org-netbeans-modules-javascript2-kit_pt_BR.jar"/>
        <file crc="919627363" name="modules/locale/org-netbeans-modules-javascript2-kit_ru.jar"/>
        <file crc="1353927963" name="modules/locale/org-netbeans-modules-javascript2-kit_zh_CN.jar"/>
        <file crc="3760432943" name="modules/org-netbeans-modules-javascript2-kit.jar"/>
    </module_version>
</module>
