<?xml version="1.0" encoding="UTF-8"?><module codename="org.netbeans.modules.editor.macros/0">
    <module_version install_time="1360797456471" last="true" origin="installer" specification_version="1.21.1.1.21">
        <file crc="3196086936" name="config/Modules/org-netbeans-modules-editor-macros.xml"/>
        <file crc="1509580778" name="modules/locale/org-netbeans-modules-editor-macros_ja.jar"/>
        <file crc="205052039" name="modules/locale/org-netbeans-modules-editor-macros_pt_BR.jar"/>
        <file crc="3732852985" name="modules/locale/org-netbeans-modules-editor-macros_ru.jar"/>
        <file crc="1225455920" name="modules/locale/org-netbeans-modules-editor-macros_zh_CN.jar"/>
        <file crc="2438977580" name="modules/org-netbeans-modules-editor-macros.jar"/>
    </module_version>
</module>
