<?xml version="1.0" encoding="UTF-8"?><module codename="org.netbeans.modules.xml.xam/1">
    <module_version install_time="1360796061598" last="true" origin="installer" specification_version="1.22.1.1">
        <file crc="2361317231" name="config/Modules/org-netbeans-modules-xml-xam.xml"/>
        <file crc="918872440" name="modules/locale/org-netbeans-modules-xml-xam_ja.jar"/>
        <file crc="1156520706" name="modules/locale/org-netbeans-modules-xml-xam_pt_BR.jar"/>
        <file crc="3978220565" name="modules/locale/org-netbeans-modules-xml-xam_ru.jar"/>
        <file crc="3725951905" name="modules/locale/org-netbeans-modules-xml-xam_zh_CN.jar"/>
        <file crc="730176205" name="modules/org-netbeans-modules-xml-xam.jar"/>
    </module_version>
</module>
