<?xml version="1.0" encoding="UTF-8"?><module codename="org.netbeans.modules.editor.settings.storage/1">
    <module_version install_time="1360797443623" last="true" origin="installer" specification_version="1.36.1">
        <file crc="417708896" name="config/Modules/org-netbeans-modules-editor-settings-storage.xml"/>
        <file crc="3365203581" name="modules/locale/org-netbeans-modules-editor-settings-storage_ja.jar"/>
        <file crc="3017040702" name="modules/locale/org-netbeans-modules-editor-settings-storage_pt_BR.jar"/>
        <file crc="3106330819" name="modules/locale/org-netbeans-modules-editor-settings-storage_ru.jar"/>
        <file crc="1326966762" name="modules/locale/org-netbeans-modules-editor-settings-storage_zh_CN.jar"/>
        <file crc="1831979060" name="modules/org-netbeans-modules-editor-settings-storage.jar"/>
    </module_version>
</module>
