<?xml version="1.0" encoding="UTF-8"?><module codename="org.netbeans.spi.editor.hints/0">
    <module_version install_time="1360796729877" last="true" origin="installer" specification_version="1.28.1.7.40">
        <file crc="2723969626" name="config/Modules/org-netbeans-spi-editor-hints.xml"/>
        <file crc="768492019" name="modules/locale/org-netbeans-spi-editor-hints_ja.jar"/>
        <file crc="3654675553" name="modules/locale/org-netbeans-spi-editor-hints_pt_BR.jar"/>
        <file crc="1838603100" name="modules/locale/org-netbeans-spi-editor-hints_ru.jar"/>
        <file crc="3752538150" name="modules/locale/org-netbeans-spi-editor-hints_zh_CN.jar"/>
        <file crc="2615002628" name="modules/org-netbeans-spi-editor-hints.jar"/>
    </module_version>
</module>
