<?xml version="1.0" encoding="UTF-8"?><module codename="org.netbeans.modules.versioning.core/1">
    <module_version install_time="1360800191811" last="true" origin="installer" specification_version="1.10.1.1.42">
        <file crc="104118620" name="config/Modules/org-netbeans-modules-versioning-core.xml"/>
        <file crc="264488067" name="modules/locale/org-netbeans-modules-versioning-core_ja.jar"/>
        <file crc="4120149235" name="modules/locale/org-netbeans-modules-versioning-core_pt_BR.jar"/>
        <file crc="1987360518" name="modules/locale/org-netbeans-modules-versioning-core_ru.jar"/>
        <file crc="341376424" name="modules/locale/org-netbeans-modules-versioning-core_zh_CN.jar"/>
        <file crc="1536408650" name="modules/org-netbeans-modules-versioning-core.jar"/>
    </module_version>
</module>
