<?xml version="1.0" encoding="UTF-8"?><module codename="org.netbeans.api.debugger/1">
    <module_version install_time="1360796781263" last="true" origin="installer" specification_version="1.40.1">
        <file crc="3559887295" name="config/Modules/org-netbeans-api-debugger.xml"/>
        <file crc="2238467229" name="modules/locale/org-netbeans-api-debugger_ja.jar"/>
        <file crc="3619631663" name="modules/locale/org-netbeans-api-debugger_pt_BR.jar"/>
        <file crc="630049175" name="modules/locale/org-netbeans-api-debugger_ru.jar"/>
        <file crc="62927336" name="modules/locale/org-netbeans-api-debugger_zh_CN.jar"/>
        <file crc="2574397344" name="modules/org-netbeans-api-debugger.jar"/>
    </module_version>
</module>
