<?xml version="1.0" encoding="UTF-8"?><module codename="org.netbeans.modules.print.editor">
    <module_version install_time="1360796745767" last="true" origin="installer" specification_version="7.17.1">
        <file crc="3826813082" name="config/Modules/org-netbeans-modules-print-editor.xml"/>
        <file crc="1463780618" name="modules/locale/org-netbeans-modules-print-editor_ja.jar"/>
        <file crc="1402028281" name="modules/locale/org-netbeans-modules-print-editor_pt_BR.jar"/>
        <file crc="3985008862" name="modules/locale/org-netbeans-modules-print-editor_ru.jar"/>
        <file crc="1165383925" name="modules/locale/org-netbeans-modules-print-editor_zh_CN.jar"/>
        <file crc="213186209" name="modules/org-netbeans-modules-print-editor.jar"/>
    </module_version>
</module>
