<?xml version="1.0" encoding="UTF-8"?><module codename="org.netbeans.modules.project.libraries/1">
    <module_version install_time="1360797132370" last="true" origin="installer" specification_version="1.41.1">
        <file crc="1139217149" name="config/ModuleAutoDeps/org-netbeans-modules-project-libraries.xml"/>
        <file crc="2974763789" name="config/Modules/org-netbeans-modules-project-libraries.xml"/>
        <file crc="1895713890" name="modules/locale/org-netbeans-modules-project-libraries_ja.jar"/>
        <file crc="1964966040" name="modules/locale/org-netbeans-modules-project-libraries_pt_BR.jar"/>
        <file crc="1355843977" name="modules/locale/org-netbeans-modules-project-libraries_ru.jar"/>
        <file crc="2209549606" name="modules/locale/org-netbeans-modules-project-libraries_zh_CN.jar"/>
        <file crc="3043054088" name="modules/org-netbeans-modules-project-libraries.jar"/>
    </module_version>
</module>
