<?xml version="1.0" encoding="UTF-8"?><module codename="org.netbeans.modules.db.mysql">
    <module_version install_time="1360797936607" last="true" origin="installer" specification_version="0.18.1.2">
        <file crc="934439921" name="config/Modules/org-netbeans-modules-db-mysql.xml"/>
        <file crc="2884848339" name="modules/locale/org-netbeans-modules-db-mysql_ja.jar"/>
        <file crc="3753334658" name="modules/locale/org-netbeans-modules-db-mysql_pt_BR.jar"/>
        <file crc="1735856950" name="modules/locale/org-netbeans-modules-db-mysql_ru.jar"/>
        <file crc="2063253236" name="modules/locale/org-netbeans-modules-db-mysql_zh_CN.jar"/>
        <file crc="3566729753" name="modules/org-netbeans-modules-db-mysql.jar"/>
    </module_version>
</module>
