<?xml version="1.0" encoding="UTF-8"?><module codename="org.netbeans.spi.tasklist/1">
    <module_version install_time="1360796428404" last="true" origin="installer" specification_version="1.22.1.1">
        <file crc="1227800962" name="config/Modules/org-netbeans-spi-tasklist.xml"/>
        <file crc="1736455782" name="modules/locale/org-netbeans-spi-tasklist_ja.jar"/>
        <file crc="776141597" name="modules/locale/org-netbeans-spi-tasklist_pt_BR.jar"/>
        <file crc="867739017" name="modules/locale/org-netbeans-spi-tasklist_ru.jar"/>
        <file crc="1833756579" name="modules/locale/org-netbeans-spi-tasklist_zh_CN.jar"/>
        <file crc="879684228" name="modules/org-netbeans-spi-tasklist.jar"/>
    </module_version>
</module>
