<?xml version="1.0" encoding="UTF-8"?><module codename="org.netbeans.modules.editor.completion/1">
    <module_version install_time="1360796859662" last="true" origin="installer" specification_version="1.33.1.1">
        <file crc="1327033579" name="config/Modules/org-netbeans-modules-editor-completion.xml"/>
        <file crc="972686123" name="modules/locale/org-netbeans-modules-editor-completion_ja.jar"/>
        <file crc="3228885639" name="modules/locale/org-netbeans-modules-editor-completion_pt_BR.jar"/>
        <file crc="894014212" name="modules/locale/org-netbeans-modules-editor-completion_ru.jar"/>
        <file crc="2065432491" name="modules/locale/org-netbeans-modules-editor-completion_zh_CN.jar"/>
        <file crc="565294320" name="modules/org-netbeans-modules-editor-completion.jar"/>
    </module_version>
</module>
