<?xml version="1.0" encoding="UTF-8"?><module codename="org.netbeans.modules.web.webkit.debugging">
    <module_version install_time="1360796788456" last="true" origin="installer" specification_version="1.7.1">
        <file crc="1453935863" name="config/Modules/org-netbeans-modules-web-webkit-debugging.xml"/>
        <file crc="3315615769" name="modules/locale/org-netbeans-modules-web-webkit-debugging_ja.jar"/>
        <file crc="3961145422" name="modules/locale/org-netbeans-modules-web-webkit-debugging_pt_BR.jar"/>
        <file crc="3618615695" name="modules/locale/org-netbeans-modules-web-webkit-debugging_ru.jar"/>
        <file crc="1297028842" name="modules/locale/org-netbeans-modules-web-webkit-debugging_zh_CN.jar"/>
        <file crc="4054103455" name="modules/org-netbeans-modules-web-webkit-debugging.jar"/>
    </module_version>
</module>
