<?xml version="1.0" encoding="UTF-8"?><module codename="org.netbeans.libs.antlr3.runtime">
    <module_version install_time="1360794939800" last="true" origin="installer" specification_version="1.12.1.1">
        <file crc="455280824" name="config/Modules/org-netbeans-libs-antlr3-runtime.xml"/>
        <file crc="3943215954" name="modules/ext/antlr-runtime-3.4.jar"/>
        <file crc="411532293" name="modules/locale/org-netbeans-libs-antlr3-runtime_ja.jar"/>
        <file crc="2117515809" name="modules/locale/org-netbeans-libs-antlr3-runtime_pt_BR.jar"/>
        <file crc="1770290367" name="modules/locale/org-netbeans-libs-antlr3-runtime_ru.jar"/>
        <file crc="2037146650" name="modules/locale/org-netbeans-libs-antlr3-runtime_zh_CN.jar"/>
        <file crc="214885465" name="modules/org-netbeans-libs-antlr3-runtime.jar"/>
    </module_version>
</module>
