<?xml version="1.0" encoding="UTF-8"?><module codename="org.netbeans.modules.jumpto/1">
    <module_version install_time="1360797746495" last="true" origin="installer" specification_version="1.33.1.1">
        <file crc="771737990" name="config/Modules/org-netbeans-modules-jumpto.xml"/>
        <file crc="2086903410" name="modules/locale/org-netbeans-modules-jumpto_ja.jar"/>
        <file crc="343021778" name="modules/locale/org-netbeans-modules-jumpto_pt_BR.jar"/>
        <file crc="3212173341" name="modules/locale/org-netbeans-modules-jumpto_ru.jar"/>
        <file crc="3061574510" name="modules/locale/org-netbeans-modules-jumpto_zh_CN.jar"/>
        <file crc="1298898142" name="modules/org-netbeans-modules-jumpto.jar"/>
    </module_version>
</module>
