<?xml version="1.0" encoding="UTF-8"?><module codename="org.netbeans.modules.project.indexingbridge">
    <module_version install_time="1360796417751" last="true" origin="installer" specification_version="1.7.1">
        <file crc="3141148986" name="config/Modules/org-netbeans-modules-project-indexingbridge.xml"/>
        <file crc="1857553432" name="modules/locale/org-netbeans-modules-project-indexingbridge_ja.jar"/>
        <file crc="1182981084" name="modules/locale/org-netbeans-modules-project-indexingbridge_pt_BR.jar"/>
        <file crc="2519735645" name="modules/locale/org-netbeans-modules-project-indexingbridge_ru.jar"/>
        <file crc="897603120" name="modules/locale/org-netbeans-modules-project-indexingbridge_zh_CN.jar"/>
        <file crc="667054125" name="modules/org-netbeans-modules-project-indexingbridge.jar"/>
    </module_version>
</module>
