<?xml version="1.0" encoding="UTF-8"?><module codename="org.netbeans.modules.editor.lib2/1">
    <module_version install_time="1360796374416" last="true" origin="installer" specification_version="1.71.1.40">
        <file crc="1027150669" name="config/Modules/org-netbeans-modules-editor-lib2.xml"/>
        <file crc="183961716" name="modules/locale/org-netbeans-modules-editor-lib2_ja.jar"/>
        <file crc="3222912186" name="modules/locale/org-netbeans-modules-editor-lib2_pt_BR.jar"/>
        <file crc="2197013492" name="modules/locale/org-netbeans-modules-editor-lib2_ru.jar"/>
        <file crc="308293683" name="modules/locale/org-netbeans-modules-editor-lib2_zh_CN.jar"/>
        <file crc="790646901" name="modules/org-netbeans-modules-editor-lib2.jar"/>
    </module_version>
</module>
