<?xml version="1.0" encoding="UTF-8"?><module codename="org.netbeans.libs.git/1">
    <module_version install_time="1360794967979" last="true" origin="installer" specification_version="1.5.1">
        <file crc="4214212944" name="config/Modules/org-netbeans-libs-git.xml"/>
        <file crc="1760188394" name="modules/locale/org-netbeans-libs-git_ja.jar"/>
        <file crc="711894089" name="modules/locale/org-netbeans-libs-git_pt_BR.jar"/>
        <file crc="37368906" name="modules/locale/org-netbeans-libs-git_ru.jar"/>
        <file crc="3615479404" name="modules/locale/org-netbeans-libs-git_zh_CN.jar"/>
        <file crc="988389061" name="modules/org-netbeans-libs-git.jar"/>
    </module_version>
</module>
