<?xml version="1.0" encoding="UTF-8"?><module codename="org.netbeans.modules.xml.xdm/1">
    <module_version install_time="1360796807541" last="true" origin="installer" specification_version="1.23.1.1">
        <file crc="1060261276" name="config/Modules/org-netbeans-modules-xml-xdm.xml"/>
        <file crc="1539740900" name="modules/locale/org-netbeans-modules-xml-xdm_ja.jar"/>
        <file crc="456254483" name="modules/locale/org-netbeans-modules-xml-xdm_pt_BR.jar"/>
        <file crc="309031363" name="modules/locale/org-netbeans-modules-xml-xdm_ru.jar"/>
        <file crc="3185209035" name="modules/locale/org-netbeans-modules-xml-xdm_zh_CN.jar"/>
        <file crc="2848786140" name="modules/org-netbeans-modules-xml-xdm.jar"/>
    </module_version>
</module>
