<?xml version="1.0" encoding="UTF-8"?><module codename="org.netbeans.modules.db.metadata.model/0">
    <module_version install_time="1360796086830" last="true" origin="installer" specification_version="0.20.1">
        <file crc="3021893472" name="config/Modules/org-netbeans-modules-db-metadata-model.xml"/>
        <file crc="3553901388" name="modules/locale/org-netbeans-modules-db-metadata-model_ja.jar"/>
        <file crc="2362648362" name="modules/locale/org-netbeans-modules-db-metadata-model_pt_BR.jar"/>
        <file crc="3496329460" name="modules/locale/org-netbeans-modules-db-metadata-model_ru.jar"/>
        <file crc="839752998" name="modules/locale/org-netbeans-modules-db-metadata-model_zh_CN.jar"/>
        <file crc="1238537542" name="modules/org-netbeans-modules-db-metadata-model.jar"/>
    </module_version>
</module>
