<?xml version="1.0" encoding="UTF-8"?><module codename="org.netbeans.modules.xml.retriever/1">
    <module_version install_time="1360796963722" last="true" origin="installer" specification_version="1.21.1">
        <file crc="3602039916" name="config/Modules/org-netbeans-modules-xml-retriever.xml"/>
        <file crc="605040953" name="modules/locale/org-netbeans-modules-xml-retriever_ja.jar"/>
        <file crc="2418548469" name="modules/locale/org-netbeans-modules-xml-retriever_pt_BR.jar"/>
        <file crc="2955279219" name="modules/locale/org-netbeans-modules-xml-retriever_ru.jar"/>
        <file crc="1755401425" name="modules/locale/org-netbeans-modules-xml-retriever_zh_CN.jar"/>
        <file crc="4196738477" name="modules/org-netbeans-modules-xml-retriever.jar"/>
    </module_version>
</module>
