<?xml version="1.0" encoding="UTF-8"?><module codename="org.netbeans.modules.editor.errorstripe/2">
    <module_version install_time="1360796738525" last="true" origin="installer" specification_version="2.24.1.1.1">
        <file crc="2060797385" name="config/Modules/org-netbeans-modules-editor-errorstripe.xml"/>
        <file crc="1365841962" name="modules/locale/org-netbeans-modules-editor-errorstripe_ja.jar"/>
        <file crc="294461698" name="modules/locale/org-netbeans-modules-editor-errorstripe_pt_BR.jar"/>
        <file crc="2754550234" name="modules/locale/org-netbeans-modules-editor-errorstripe_ru.jar"/>
        <file crc="1177830143" name="modules/locale/org-netbeans-modules-editor-errorstripe_zh_CN.jar"/>
        <file crc="678452019" name="modules/org-netbeans-modules-editor-errorstripe.jar"/>
    </module_version>
</module>
