<?xml version="1.0" encoding="UTF-8"?><module codename="org.netbeans.modules.options.editor/1">
    <module_version install_time="1360797756810" last="true" origin="installer" specification_version="1.37.1">
        <file crc="3367560768" name="config/ModuleAutoDeps/org-netbeans-modules-options-editor.xml"/>
        <file crc="3699321809" name="config/Modules/org-netbeans-modules-options-editor.xml"/>
        <file crc="759996727" name="modules/locale/org-netbeans-modules-options-editor_ja.jar"/>
        <file crc="3430360108" name="modules/locale/org-netbeans-modules-options-editor_pt_BR.jar"/>
        <file crc="1399651827" name="modules/locale/org-netbeans-modules-options-editor_ru.jar"/>
        <file crc="2890747115" name="modules/locale/org-netbeans-modules-options-editor_zh_CN.jar"/>
        <file crc="846346815" name="modules/org-netbeans-modules-options-editor.jar"/>
    </module_version>
</module>
