<?xml version="1.0" encoding="UTF-8"?><module codename="org.netbeans.modules.languages.diff">
    <module_version install_time="1360797941318" last="true" origin="installer" specification_version="1.23.1">
        <file crc="3703025839" name="config/Modules/org-netbeans-modules-languages-diff.xml"/>
        <file crc="3097509686" name="modules/locale/org-netbeans-modules-languages-diff_ja.jar"/>
        <file crc="2677368129" name="modules/locale/org-netbeans-modules-languages-diff_pt_BR.jar"/>
        <file crc="3524048737" name="modules/locale/org-netbeans-modules-languages-diff_ru.jar"/>
        <file crc="2963622431" name="modules/locale/org-netbeans-modules-languages-diff_zh_CN.jar"/>
        <file crc="4020906430" name="modules/org-netbeans-modules-languages-diff.jar"/>
    </module_version>
</module>
