<?xml version="1.0" encoding="UTF-8"?><module codename="org.netbeans.modules.editor.bookmarks/1">
    <module_version install_time="1360797948590" last="true" origin="installer" specification_version="1.27.1">
        <file crc="3233569121" name="config/Modules/org-netbeans-modules-editor-bookmarks.xml"/>
        <file crc="661900918" name="modules/locale/org-netbeans-modules-editor-bookmarks_ja.jar"/>
        <file crc="1998781671" name="modules/locale/org-netbeans-modules-editor-bookmarks_pt_BR.jar"/>
        <file crc="3912823945" name="modules/locale/org-netbeans-modules-editor-bookmarks_ru.jar"/>
        <file crc="3498676716" name="modules/locale/org-netbeans-modules-editor-bookmarks_zh_CN.jar"/>
        <file crc="3941967138" name="modules/org-netbeans-modules-editor-bookmarks.jar"/>
    </module_version>
</module>
