<?xml version="1.0" encoding="UTF-8"?><module codename="org.netbeans.modules.dlight.nativeexecution">
    <module_version install_time="1360797956203" last="true" origin="installer" specification_version="1.25.1.1">
        <file crc="2995732816" name="bin/nativeexecution/Linux-x86/killall"/>
        <file crc="755239459" name="bin/nativeexecution/Linux-x86/process_start"/>
        <file crc="1390896378" name="bin/nativeexecution/Linux-x86/pty"/>
        <file crc="1863507197" name="bin/nativeexecution/Linux-x86/pty_open"/>
        <file crc="3356918927" name="bin/nativeexecution/Linux-x86/sigqueue"/>
        <file crc="954821623" name="bin/nativeexecution/Linux-x86/stat"/>
        <file crc="2315260862" name="bin/nativeexecution/Linux-x86/unbuffer.so"/>
        <file crc="3467496026" name="bin/nativeexecution/Linux-x86_64/killall"/>
        <file crc="1237002094" name="bin/nativeexecution/Linux-x86_64/process_start"/>
        <file crc="2556977428" name="bin/nativeexecution/Linux-x86_64/pty"/>
        <file crc="2212810710" name="bin/nativeexecution/Linux-x86_64/pty_open"/>
        <file crc="496243041" name="bin/nativeexecution/Linux-x86_64/sigqueue"/>
        <file crc="3632465540" name="bin/nativeexecution/Linux-x86_64/stat"/>
        <file crc="3831061554" name="bin/nativeexecution/Linux-x86_64/unbuffer.so"/>
        <file crc="2739242954" name="bin/nativeexecution/MacOSX-x86/killall"/>
        <file crc="1275998866" name="bin/nativeexecution/MacOSX-x86/process_start"/>
        <file crc="116223212" name="bin/nativeexecution/MacOSX-x86/pty"/>
        <file crc="3907469265" name="bin/nativeexecution/MacOSX-x86/pty_open"/>
        <file crc="483427664" name="bin/nativeexecution/MacOSX-x86/stat"/>
        <file crc="2121602452" name="bin/nativeexecution/MacOSX-x86/unbuffer.dylib"/>
        <file crc="1074101021" name="bin/nativeexecution/MacOSX-x86_64/killall"/>
        <file crc="3584022884" name="bin/nativeexecution/MacOSX-x86_64/process_start"/>
        <file crc="4063295432" name="bin/nativeexecution/MacOSX-x86_64/pty"/>
        <file crc="21247631" name="bin/nativeexecution/MacOSX-x86_64/pty_open"/>
        <file crc="1927002667" name="bin/nativeexecution/MacOSX-x86_64/stat"/>
        <file crc="380202925" name="bin/nativeexecution/MacOSX-x86_64/unbuffer.dylib"/>
        <file crc="3230597636" name="bin/nativeexecution/SunOS-sparc/killall"/>
        <file crc="186118468" name="bin/nativeexecution/SunOS-sparc/privp"/>
        <file crc="2582199676" name="bin/nativeexecution/SunOS-sparc/process_start"/>
        <file crc="3633836277" name="bin/nativeexecution/SunOS-sparc/pty"/>
        <file crc="2898013131" name="bin/nativeexecution/SunOS-sparc/pty_open"/>
        <file crc="1120889477" name="bin/nativeexecution/SunOS-sparc/sigqueue"/>
        <file crc="4268146894" name="bin/nativeexecution/SunOS-sparc/stat"/>
        <file crc="1333217312" name="bin/nativeexecution/SunOS-sparc/unbuffer.so"/>
        <file crc="472383741" name="bin/nativeexecution/SunOS-sparc_64/killall"/>
        <file crc="1236182142" name="bin/nativeexecution/SunOS-sparc_64/privp"/>
        <file crc="2777571336" name="bin/nativeexecution/SunOS-sparc_64/process_start"/>
        <file crc="1789084748" name="bin/nativeexecution/SunOS-sparc_64/pty"/>
        <file crc="1356860664" name="bin/nativeexecution/SunOS-sparc_64/pty_open"/>
        <file crc="1736553690" name="bin/nativeexecution/SunOS-sparc_64/sigqueue"/>
        <file crc="4154337329" name="bin/nativeexecution/SunOS-sparc_64/stat"/>
        <file crc="587327566" name="bin/nativeexecution/SunOS-sparc_64/unbuffer.so"/>
        <file crc="2177548535" name="bin/nativeexecution/SunOS-x86/killall"/>
        <file crc="4216904528" name="bin/nativeexecution/SunOS-x86/privp"/>
        <file crc="416235550" name="bin/nativeexecution/SunOS-x86/process_start"/>
        <file crc="3281347693" name="bin/nativeexecution/SunOS-x86/pty"/>
        <file crc="3367504075" name="bin/nativeexecution/SunOS-x86/pty_open"/>
        <file crc="1793077003" name="bin/nativeexecution/SunOS-x86/sigqueue"/>
        <file crc="2657351441" name="bin/nativeexecution/SunOS-x86/stat"/>
        <file crc="1487122317" name="bin/nativeexecution/SunOS-x86/unbuffer.so"/>
        <file crc="3983361726" name="bin/nativeexecution/SunOS-x86_64/killall"/>
        <file crc="1974308125" name="bin/nativeexecution/SunOS-x86_64/process_start"/>
        <file crc="3920665088" name="bin/nativeexecution/SunOS-x86_64/pty"/>
        <file crc="1270195796" name="bin/nativeexecution/SunOS-x86_64/pty_open"/>
        <file crc="698534868" name="bin/nativeexecution/SunOS-x86_64/sigqueue"/>
        <file crc="3428063497" name="bin/nativeexecution/SunOS-x86_64/stat"/>
        <file crc="3597096606" name="bin/nativeexecution/SunOS-x86_64/unbuffer.so"/>
        <file crc="830078422" name="bin/nativeexecution/Windows-x86/killall"/>
        <file crc="1673852288" name="bin/nativeexecution/Windows-x86/process_start"/>
        <file crc="3640789636" name="bin/nativeexecution/Windows-x86/pty"/>
        <file crc="4249424857" name="bin/nativeexecution/Windows-x86/pty_open"/>
        <file crc="879382005" name="bin/nativeexecution/Windows-x86/sigqueue"/>
        <file crc="2636697233" name="bin/nativeexecution/Windows-x86/unbuffer.dll"/>
        <file crc="2135472014" name="bin/nativeexecution/Windows-x86_64/killall"/>
        <file crc="1673852288" name="bin/nativeexecution/Windows-x86_64/process_start"/>
        <file crc="3640789636" name="bin/nativeexecution/Windows-x86_64/pty"/>
        <file crc="4249424857" name="bin/nativeexecution/Windows-x86_64/pty_open"/>
        <file crc="879382005" name="bin/nativeexecution/Windows-x86_64/sigqueue"/>
        <file crc="687929095" name="bin/nativeexecution/dorun.sh"/>
        <file crc="4206263776" name="bin/nativeexecution/hostinfo.sh"/>
        <file crc="249150406" name="config/Modules/org-netbeans-modules-dlight-nativeexecution.xml"/>
        <file crc="854445018" name="modules/locale/org-netbeans-modules-dlight-nativeexecution_ja.jar"/>
        <file crc="1852073957" name="modules/locale/org-netbeans-modules-dlight-nativeexecution_pt_BR.jar"/>
        <file crc="4208577556" name="modules/locale/org-netbeans-modules-dlight-nativeexecution_ru.jar"/>
        <file crc="2751823488" name="modules/locale/org-netbeans-modules-dlight-nativeexecution_zh_CN.jar"/>
        <file crc="2815252858" name="modules/org-netbeans-modules-dlight-nativeexecution.jar"/>
    </module_version>
</module>
