<?xml version="1.0" encoding="UTF-8"?><module codename="org.netbeans.modules.css.visual/3">
    <module_version install_time="1360798948834" last="true" origin="installer" specification_version="3.13.1">
        <file crc="841146648" name="config/Modules/org-netbeans-modules-css-visual.xml"/>
        <file crc="2180058099" name="modules/locale/org-netbeans-modules-css-visual_ja.jar"/>
        <file crc="35931011" name="modules/locale/org-netbeans-modules-css-visual_pt_BR.jar"/>
        <file crc="1633837927" name="modules/locale/org-netbeans-modules-css-visual_ru.jar"/>
        <file crc="3533879936" name="modules/locale/org-netbeans-modules-css-visual_zh_CN.jar"/>
        <file crc="2956220740" name="modules/org-netbeans-modules-css-visual.jar"/>
    </module_version>
</module>
