<?xml version="1.0" encoding="UTF-8"?><module codename="org.netbeans.modules.editor.structure/1">
    <module_version install_time="1360796854667" last="true" origin="installer" specification_version="1.36.1.1">
        <file crc="215816205" name="config/Modules/org-netbeans-modules-editor-structure.xml"/>
        <file crc="3941118004" name="modules/locale/org-netbeans-modules-editor-structure_ja.jar"/>
        <file crc="3442932022" name="modules/locale/org-netbeans-modules-editor-structure_pt_BR.jar"/>
        <file crc="3808217595" name="modules/locale/org-netbeans-modules-editor-structure_ru.jar"/>
        <file crc="3893584696" name="modules/locale/org-netbeans-modules-editor-structure_zh_CN.jar"/>
        <file crc="1848358158" name="modules/org-netbeans-modules-editor-structure.jar"/>
    </module_version>
</module>
