<?xml version="1.0" encoding="UTF-8"?><module codename="org.netbeans.modules.refactoring.api">
    <module_version install_time="1360798155769" last="true" origin="installer" specification_version="1.33.2.1">
        <file crc="660297798" name="config/Modules/org-netbeans-modules-refactoring-api.xml"/>
        <file crc="139238724" name="modules/locale/org-netbeans-modules-refactoring-api_ja.jar"/>
        <file crc="3404006078" name="modules/locale/org-netbeans-modules-refactoring-api_pt_BR.jar"/>
        <file crc="2195046747" name="modules/locale/org-netbeans-modules-refactoring-api_ru.jar"/>
        <file crc="1756879558" name="modules/locale/org-netbeans-modules-refactoring-api_zh_CN.jar"/>
        <file crc="444142977" name="modules/org-netbeans-modules-refactoring-api.jar"/>
    </module_version>
</module>
