<?xml version="1.0" encoding="UTF-8"?><module codename="org.netbeans.modules.web.common">
    <module_version install_time="1360798831181" last="true" origin="installer" specification_version="1.29.1">
        <file crc="842111795" name="config/Modules/org-netbeans-modules-web-common.xml"/>
        <file crc="1961241132" name="modules/locale/org-netbeans-modules-web-common_ja.jar"/>
        <file crc="2300008267" name="modules/locale/org-netbeans-modules-web-common_pt_BR.jar"/>
        <file crc="3369611004" name="modules/locale/org-netbeans-modules-web-common_ru.jar"/>
        <file crc="3649223388" name="modules/locale/org-netbeans-modules-web-common_zh_CN.jar"/>
        <file crc="382729564" name="modules/org-netbeans-modules-web-common.jar"/>
    </module_version>
</module>
