<?xml version="1.0" encoding="UTF-8"?><module codename="org.netbeans.libs.swingx/1">
    <module_version install_time="1360795128179" last="true" origin="installer" specification_version="1.18.1">
        <file crc="1452133379" name="config/Modules/org-netbeans-libs-swingx.xml"/>
        <file crc="3139249922" name="modules/ext/swingx-all-1.6.4.jar"/>
        <file crc="60562925" name="modules/locale/org-netbeans-libs-swingx_ja.jar"/>
        <file crc="2023850413" name="modules/locale/org-netbeans-libs-swingx_pt_BR.jar"/>
        <file crc="2794245116" name="modules/locale/org-netbeans-libs-swingx_ru.jar"/>
        <file crc="1636687515" name="modules/locale/org-netbeans-libs-swingx_zh_CN.jar"/>
        <file crc="3663357179" name="modules/org-netbeans-libs-swingx.jar"/>
    </module_version>
</module>
