<?xml version="1.0" encoding="UTF-8"?><module codename="org.netbeans.spi.palette/1">
    <module_version install_time="1360797015832" last="true" origin="installer" specification_version="1.35.1">
        <file crc="168146510" name="config/ModuleAutoDeps/org-netbeans-spi-palette.xml"/>
        <file crc="643103640" name="config/Modules/org-netbeans-spi-palette.xml"/>
        <file crc="3980501915" name="modules/locale/org-netbeans-spi-palette_ja.jar"/>
        <file crc="700995734" name="modules/locale/org-netbeans-spi-palette_pt_BR.jar"/>
        <file crc="1059104408" name="modules/locale/org-netbeans-spi-palette_ru.jar"/>
        <file crc="3999185237" name="modules/locale/org-netbeans-spi-palette_zh_CN.jar"/>
        <file crc="1430035633" name="modules/org-netbeans-spi-palette.jar"/>
    </module_version>
</module>
