<?xml version="1.0" encoding="UTF-8"?><module codename="org.netbeans.api.xml/1">
    <module_version install_time="1360796797974" last="true" origin="installer" specification_version="1.33.1">
        <file crc="377157071" name="config/Modules/org-netbeans-api-xml.xml"/>
        <file crc="359361202" name="modules/locale/org-netbeans-api-xml_ja.jar"/>
        <file crc="2988691685" name="modules/locale/org-netbeans-api-xml_pt_BR.jar"/>
        <file crc="2699215842" name="modules/locale/org-netbeans-api-xml_ru.jar"/>
        <file crc="59675879" name="modules/locale/org-netbeans-api-xml_zh_CN.jar"/>
        <file crc="28234747" name="modules/org-netbeans-api-xml.jar"/>
    </module_version>
</module>
