<?xml version="1.0" encoding="UTF-8"?><module codename="org.netbeans.modules.extbrowser/1">
    <module_version install_time="1360798961086" last="true" origin="installer" specification_version="1.34.1">
        <file crc="1411316007" name="config/Modules/org-netbeans-modules-extbrowser.xml"/>
        <file crc="3513992934" name="modules/lib/extbrowser.dll"/>
        <file crc="2616869923" name="modules/lib/extbrowser64.dll"/>
        <file crc="3366181868" name="modules/lib/netbeans-chrome-connector.crx"/>
        <file crc="2497022139" name="modules/locale/org-netbeans-modules-extbrowser_ja.jar"/>
        <file crc="3701642653" name="modules/locale/org-netbeans-modules-extbrowser_pt_BR.jar"/>
        <file crc="2103103006" name="modules/locale/org-netbeans-modules-extbrowser_ru.jar"/>
        <file crc="378265907" name="modules/locale/org-netbeans-modules-extbrowser_zh_CN.jar"/>
        <file crc="1737865709" name="modules/org-netbeans-modules-extbrowser.jar"/>
    </module_version>
</module>
