<?xml version="1.0" encoding="UTF-8"?><module codename="org.netbeans.modules.editor.bracesmatching/0">
    <module_version install_time="1360796863982" last="true" origin="installer" specification_version="1.27.1.40">
        <file crc="3381231321" name="config/Modules/org-netbeans-modules-editor-bracesmatching.xml"/>
        <file crc="755136071" name="modules/locale/org-netbeans-modules-editor-bracesmatching_ja.jar"/>
        <file crc="1020050483" name="modules/locale/org-netbeans-modules-editor-bracesmatching_pt_BR.jar"/>
        <file crc="1937321339" name="modules/locale/org-netbeans-modules-editor-bracesmatching_ru.jar"/>
        <file crc="1912852967" name="modules/locale/org-netbeans-modules-editor-bracesmatching_zh_CN.jar"/>
        <file crc="3783383717" name="modules/org-netbeans-modules-editor-bracesmatching.jar"/>
    </module_version>
</module>
