<?xml version="1.0" encoding="UTF-8"?><module codename="org.netbeans.modules.css.editor/1">
    <module_version install_time="1360798859557" last="true" origin="installer" specification_version="1.40.1">
        <file crc="1147342470" name="config/Modules/org-netbeans-modules-css-editor.xml"/>
        <file crc="4174199089" name="docs/css21-spec.zip"/>
        <file crc="69078241" name="docs/css3-spec.zip"/>
        <file crc="1614037677" name="modules/locale/org-netbeans-modules-css-editor_ja.jar"/>
        <file crc="1537356945" name="modules/locale/org-netbeans-modules-css-editor_pt_BR.jar"/>
        <file crc="3664376329" name="modules/locale/org-netbeans-modules-css-editor_ru.jar"/>
        <file crc="590303105" name="modules/locale/org-netbeans-modules-css-editor_zh_CN.jar"/>
        <file crc="3764644011" name="modules/org-netbeans-modules-css-editor.jar"/>
    </module_version>
</module>
