<?xml version="1.0" encoding="UTF-8"?><module codename="org.netbeans.modules.parsing.lucene/2">
    <module_version install_time="1360796279128" last="true" origin="installer" specification_version="2.20.1.1">
        <file crc="3780388565" name="config/Modules/org-netbeans-modules-parsing-lucene.xml"/>
        <file crc="790437947" name="modules/locale/org-netbeans-modules-parsing-lucene_ja.jar"/>
        <file crc="2000611000" name="modules/locale/org-netbeans-modules-parsing-lucene_pt_BR.jar"/>
        <file crc="2973768720" name="modules/locale/org-netbeans-modules-parsing-lucene_ru.jar"/>
        <file crc="4168937372" name="modules/locale/org-netbeans-modules-parsing-lucene_zh_CN.jar"/>
        <file crc="957408618" name="modules/org-netbeans-modules-parsing-lucene.jar"/>
    </module_version>
</module>
