<?xml version="1.0" encoding="UTF-8"?><module codename="org.netbeans.modules.csl.api/2">
    <module_version install_time="1360798169311" last="true" origin="installer" specification_version="2.33.1.2.1.1.6">
        <file crc="2308193102" name="config/Modules/org-netbeans-modules-csl-api.xml"/>
        <file crc="2505271184" name="modules/locale/org-netbeans-modules-csl-api_ja.jar"/>
        <file crc="3696041988" name="modules/locale/org-netbeans-modules-csl-api_pt_BR.jar"/>
        <file crc="128528148" name="modules/locale/org-netbeans-modules-csl-api_ru.jar"/>
        <file crc="2352985864" name="modules/locale/org-netbeans-modules-csl-api_zh_CN.jar"/>
        <file crc="2031831254" name="modules/org-netbeans-modules-csl-api.jar"/>
    </module_version>
</module>
