<?xml version="1.0" encoding="UTF-8"?><module codename="org.netbeans.modules.ide.kit">
    <module_version install_time="1360799054346" last="true" origin="installer" specification_version="1.22.1">
        <file crc="973410181" name="VERSION.txt"/>
        <file crc="3987904659" name="config/ModuleAutoDeps/org-netbeans-modules-ide-kit.xml"/>
        <file crc="3415496542" name="config/Modules/org-netbeans-modules-ide-kit.xml"/>
        <file crc="2300366728" name="modules/locale/org-netbeans-modules-ide-kit_ja.jar"/>
        <file crc="2133574832" name="modules/locale/org-netbeans-modules-ide-kit_pt_BR.jar"/>
        <file crc="4075881072" name="modules/locale/org-netbeans-modules-ide-kit_ru.jar"/>
        <file crc="3660986121" name="modules/locale/org-netbeans-modules-ide-kit_zh_CN.jar"/>
        <file crc="2597059536" name="modules/org-netbeans-modules-ide-kit.jar"/>
    </module_version>
</module>
