<?xml version="1.0" encoding="UTF-8"?><module codename="org.netbeans.modules.db/1">
    <module_version install_time="1360797894763" last="true" origin="installer" specification_version="1.51.1.30">
        <file crc="3858918199" name="config/ModuleAutoDeps/org-netbeans-modules-db.xml"/>
        <file crc="1197382036" name="config/Modules/org-netbeans-modules-db.xml"/>
        <file crc="2267467729" name="modules/ext/ddl.jar"/>
        <file crc="4252764251" name="modules/ext/locale/ddl_ja.jar"/>
        <file crc="4131617821" name="modules/ext/locale/ddl_pt_BR.jar"/>
        <file crc="3435021470" name="modules/ext/locale/ddl_ru.jar"/>
        <file crc="3628610892" name="modules/ext/locale/ddl_zh_CN.jar"/>
        <file crc="3570983684" name="modules/locale/org-netbeans-modules-db_ja.jar"/>
        <file crc="3545724057" name="modules/locale/org-netbeans-modules-db_pt_BR.jar"/>
        <file crc="1760390021" name="modules/locale/org-netbeans-modules-db_ru.jar"/>
        <file crc="2594820068" name="modules/locale/org-netbeans-modules-db_zh_CN.jar"/>
        <file crc="1880088158" name="modules/org-netbeans-modules-db.jar"/>
    </module_version>
</module>
