<?xml version="1.0" encoding="UTF-8"?><module codename="org.netbeans.modules.editor.breadcrumbs/0">
    <module_version install_time="1360797488931" last="true" origin="installer" specification_version="1.5.1">
        <file crc="1320881006" name="config/Modules/org-netbeans-modules-editor-breadcrumbs.xml"/>
        <file crc="2720249014" name="modules/locale/org-netbeans-modules-editor-breadcrumbs_ja.jar"/>
        <file crc="2391571447" name="modules/locale/org-netbeans-modules-editor-breadcrumbs_pt_BR.jar"/>
        <file crc="2383617109" name="modules/locale/org-netbeans-modules-editor-breadcrumbs_ru.jar"/>
        <file crc="4262482627" name="modules/locale/org-netbeans-modules-editor-breadcrumbs_zh_CN.jar"/>
        <file crc="3232949582" name="modules/org-netbeans-modules-editor-breadcrumbs.jar"/>
    </module_version>
</module>
