<?xml version="1.0" encoding="UTF-8"?><module codename="org.netbeans.modules.xml.schema.completion">
    <module_version install_time="1360798233396" last="true" origin="installer" specification_version="1.20.1">
        <file crc="3412686390" name="config/Modules/org-netbeans-modules-xml-schema-completion.xml"/>
        <file crc="1986870050" name="modules/locale/org-netbeans-modules-xml-schema-completion_ja.jar"/>
        <file crc="1546897281" name="modules/locale/org-netbeans-modules-xml-schema-completion_pt_BR.jar"/>
        <file crc="2303902159" name="modules/locale/org-netbeans-modules-xml-schema-completion_ru.jar"/>
        <file crc="3831332792" name="modules/locale/org-netbeans-modules-xml-schema-completion_zh_CN.jar"/>
        <file crc="2969780299" name="modules/org-netbeans-modules-xml-schema-completion.jar"/>
    </module_version>
</module>
