<?xml version="1.0" encoding="UTF-8"?><module codename="org.netbeans.swing.dirchooser">
    <module_version install_time="1360796768288" last="true" origin="installer" specification_version="1.19.1">
        <file crc="1723700341" name="config/Modules/org-netbeans-swing-dirchooser.xml"/>
        <file crc="3207639191" name="modules/locale/org-netbeans-swing-dirchooser_ja.jar"/>
        <file crc="40967526" name="modules/locale/org-netbeans-swing-dirchooser_pt_BR.jar"/>
        <file crc="635208683" name="modules/locale/org-netbeans-swing-dirchooser_ru.jar"/>
        <file crc="825661999" name="modules/locale/org-netbeans-swing-dirchooser_zh_CN.jar"/>
        <file crc="529707030" name="modules/org-netbeans-swing-dirchooser.jar"/>
    </module_version>
</module>
