<?xml version="1.0" encoding="UTF-8"?><module codename="org.netbeans.modules.defaults/1">
    <module_version install_time="1360795733208" last="true" origin="installer" specification_version="1.22.1">
        <file crc="1152392083" name="config/Modules/org-netbeans-modules-defaults.xml"/>
        <file crc="1973592463" name="modules/locale/org-netbeans-modules-defaults_ja.jar"/>
        <file crc="3915071121" name="modules/locale/org-netbeans-modules-defaults_pt_BR.jar"/>
        <file crc="3126121696" name="modules/locale/org-netbeans-modules-defaults_ru.jar"/>
        <file crc="2652412852" name="modules/locale/org-netbeans-modules-defaults_zh_CN.jar"/>
        <file crc="2681457874" name="modules/org-netbeans-modules-defaults.jar"/>
    </module_version>
</module>
