<?xml version="1.0" encoding="UTF-8"?><module codename="org.netbeans.modules.diff/1">
    <module_version install_time="1360798121313" last="true" origin="installer" specification_version="1.41.1.42.1">
        <file crc="4024982772" name="config/Modules/org-netbeans-modules-diff.xml"/>
        <file crc="3107043711" name="modules/locale/org-netbeans-modules-diff_ja.jar"/>
        <file crc="3712655307" name="modules/locale/org-netbeans-modules-diff_pt_BR.jar"/>
        <file crc="4038318587" name="modules/locale/org-netbeans-modules-diff_ru.jar"/>
        <file crc="764951508" name="modules/locale/org-netbeans-modules-diff_zh_CN.jar"/>
        <file crc="1702112191" name="modules/org-netbeans-modules-diff.jar"/>
    </module_version>
</module>
