<?xml version="1.0" encoding="UTF-8"?><module codename="org.netbeans.modules.lexer/2">
    <module_version install_time="1360796164564" last="true" origin="installer" specification_version="1.49.1.1">
        <file crc="3425354387" name="config/Modules/org-netbeans-modules-lexer.xml"/>
        <file crc="1402528425" name="modules/locale/org-netbeans-modules-lexer_ja.jar"/>
        <file crc="192074564" name="modules/locale/org-netbeans-modules-lexer_pt_BR.jar"/>
        <file crc="3159690064" name="modules/locale/org-netbeans-modules-lexer_ru.jar"/>
        <file crc="1297218547" name="modules/locale/org-netbeans-modules-lexer_zh_CN.jar"/>
        <file crc="1277132688" name="modules/org-netbeans-modules-lexer.jar"/>
    </module_version>
</module>
