<?xml version="1.0" encoding="UTF-8"?><module codename="org.netbeans.modules.html.editor.lib/3">
    <module_version install_time="1360798835429" last="true" origin="installer" specification_version="3.10.1">
        <file crc="1608566786" name="config/Modules/org-netbeans-modules-html-editor-lib.xml"/>
        <file crc="1462641981" name="modules/locale/org-netbeans-modules-html-editor-lib_ja.jar"/>
        <file crc="2251297080" name="modules/locale/org-netbeans-modules-html-editor-lib_pt_BR.jar"/>
        <file crc="2332705293" name="modules/locale/org-netbeans-modules-html-editor-lib_ru.jar"/>
        <file crc="3388377740" name="modules/locale/org-netbeans-modules-html-editor-lib_zh_CN.jar"/>
        <file crc="1461782996" name="modules/org-netbeans-modules-html-editor-lib.jar"/>
    </module_version>
</module>
