<?xml version="1.0" encoding="UTF-8"?><module codename="org.netbeans.spi.navigator/1">
    <module_version install_time="1360796975056" last="true" origin="installer" specification_version="1.27.1">
        <file crc="489298949" name="config/Modules/org-netbeans-spi-navigator.xml"/>
        <file crc="2056706189" name="modules/locale/org-netbeans-spi-navigator_ja.jar"/>
        <file crc="2884786927" name="modules/locale/org-netbeans-spi-navigator_pt_BR.jar"/>
        <file crc="653812953" name="modules/locale/org-netbeans-spi-navigator_ru.jar"/>
        <file crc="3302024489" name="modules/locale/org-netbeans-spi-navigator_zh_CN.jar"/>
        <file crc="3977028101" name="modules/org-netbeans-spi-navigator.jar"/>
    </module_version>
</module>
