<?xml version="1.0" encoding="UTF-8"?><module codename="org.netbeans.libs.nashorn/1">
    <module_version install_time="1360795031756" last="true" origin="installer" specification_version="1.7.1">
        <file crc="250435371" name="config/Modules/org-netbeans-libs-nashorn.xml"/>
        <file crc="2239879820" name="modules/ext/asm-all-4.0.jar"/>
        <file crc="2931609884" name="modules/ext/nashorn-5f2db2d8a7fa-patched.jar"/>
        <file crc="3711308163" name="modules/locale/org-netbeans-libs-nashorn_ja.jar"/>
        <file crc="3920142422" name="modules/locale/org-netbeans-libs-nashorn_pt_BR.jar"/>
        <file crc="2179820036" name="modules/locale/org-netbeans-libs-nashorn_ru.jar"/>
        <file crc="1571358929" name="modules/locale/org-netbeans-libs-nashorn_zh_CN.jar"/>
        <file crc="2056164213" name="modules/org-netbeans-libs-nashorn.jar"/>
    </module_version>
</module>
