<?xml version="1.0" encoding="UTF-8"?><module codename="org.netbeans.modules.db.core">
    <module_version install_time="1360797918564" last="true" origin="installer" specification_version="1.26.1">
        <file crc="3235026915" name="config/Modules/org-netbeans-modules-db-core.xml"/>
        <file crc="2228375040" name="modules/locale/org-netbeans-modules-db-core_ja.jar"/>
        <file crc="4224107372" name="modules/locale/org-netbeans-modules-db-core_pt_BR.jar"/>
        <file crc="3659878040" name="modules/locale/org-netbeans-modules-db-core_ru.jar"/>
        <file crc="3040175287" name="modules/locale/org-netbeans-modules-db-core_zh_CN.jar"/>
        <file crc="2792288844" name="modules/org-netbeans-modules-db-core.jar"/>
    </module_version>
</module>
