<?xml version="1.0" encoding="UTF-8"?><module codename="org.netbeans.libs.lucene/3">
    <module_version install_time="1360795022384" last="true" origin="installer" specification_version="3.10.1">
        <file crc="2359018399" name="config/Modules/org-netbeans-libs-lucene.xml"/>
        <file crc="1365896806" name="modules/ext/lucene-core-3.5.0.jar"/>
        <file crc="2052573518" name="modules/locale/org-netbeans-libs-lucene_ja.jar"/>
        <file crc="1087402719" name="modules/locale/org-netbeans-libs-lucene_pt_BR.jar"/>
        <file crc="3565999329" name="modules/locale/org-netbeans-libs-lucene_ru.jar"/>
        <file crc="2410937165" name="modules/locale/org-netbeans-libs-lucene_zh_CN.jar"/>
        <file crc="1174742909" name="modules/org-netbeans-libs-lucene.jar"/>
    </module_version>
</module>
