<?xml version="1.0" encoding="UTF-8"?><module codename="org.netbeans.modules.css.lib/1">
    <module_version install_time="1360798840762" last="true" origin="installer" specification_version="1.25.1">
        <file crc="2846313870" name="config/Modules/org-netbeans-modules-css-lib.xml"/>
        <file crc="3005093567" name="modules/locale/org-netbeans-modules-css-lib_ja.jar"/>
        <file crc="1797912697" name="modules/locale/org-netbeans-modules-css-lib_pt_BR.jar"/>
        <file crc="1935999288" name="modules/locale/org-netbeans-modules-css-lib_ru.jar"/>
        <file crc="451775024" name="modules/locale/org-netbeans-modules-css-lib_zh_CN.jar"/>
        <file crc="2038764738" name="modules/org-netbeans-modules-css-lib.jar"/>
    </module_version>
</module>
