<?xml version="1.0" encoding="UTF-8"?><module codename="org.netbeans.modules.editor.deprecated.pre65formatting/0">
    <module_version install_time="1360796844900" last="true" origin="installer" specification_version="1.12.2.1.5.21.40">
        <file crc="1017076465" name="config/Modules/org-netbeans-modules-editor-deprecated-pre65formatting.xml"/>
        <file crc="2326804069" name="modules/locale/org-netbeans-modules-editor-deprecated-pre65formatting_ja.jar"/>
        <file crc="770641208" name="modules/locale/org-netbeans-modules-editor-deprecated-pre65formatting_pt_BR.jar"/>
        <file crc="377824837" name="modules/locale/org-netbeans-modules-editor-deprecated-pre65formatting_ru.jar"/>
        <file crc="4256933795" name="modules/locale/org-netbeans-modules-editor-deprecated-pre65formatting_zh_CN.jar"/>
        <file crc="3987711348" name="modules/org-netbeans-modules-editor-deprecated-pre65formatting.jar"/>
    </module_version>
</module>
