<?xml version="1.0" encoding="UTF-8"?><module codename="org.netbeans.modules.editor.errorstripe.api/1">
    <module_version install_time="1360796392123" last="true" origin="installer" specification_version="2.23.1.1">
        <file crc="437455388" name="config/Modules/org-netbeans-modules-editor-errorstripe-api.xml"/>
        <file crc="4158355787" name="modules/locale/org-netbeans-modules-editor-errorstripe-api_ja.jar"/>
        <file crc="346493966" name="modules/locale/org-netbeans-modules-editor-errorstripe-api_pt_BR.jar"/>
        <file crc="3382321741" name="modules/locale/org-netbeans-modules-editor-errorstripe-api_ru.jar"/>
        <file crc="1289094495" name="modules/locale/org-netbeans-modules-editor-errorstripe-api_zh_CN.jar"/>
        <file crc="2253203773" name="modules/org-netbeans-modules-editor-errorstripe-api.jar"/>
    </module_version>
</module>
