<?xml version="1.0" encoding="UTF-8"?><module codename="org.netbeans.modules.xml.schema.model/1">
    <module_version install_time="1360796203723" last="true" origin="installer" specification_version="1.22.1.1">
        <file crc="1408122385" name="config/Modules/org-netbeans-modules-xml-schema-model.xml"/>
        <file crc="2482666545" name="modules/locale/org-netbeans-modules-xml-schema-model_ja.jar"/>
        <file crc="1149609918" name="modules/locale/org-netbeans-modules-xml-schema-model_pt_BR.jar"/>
        <file crc="2929027356" name="modules/locale/org-netbeans-modules-xml-schema-model_ru.jar"/>
        <file crc="352611013" name="modules/locale/org-netbeans-modules-xml-schema-model_zh_CN.jar"/>
        <file crc="3931769583" name="modules/org-netbeans-modules-xml-schema-model.jar"/>
    </module_version>
</module>
