<?xml version="1.0" encoding="UTF-8"?><module codename="org.netbeans.modules.parsing.api/1">
    <module_version install_time="1360797470777" last="true" origin="installer" specification_version="1.62.1.6">
        <file crc="3233347998" name="config/Modules/org-netbeans-modules-parsing-api.xml"/>
        <file crc="1760796646" name="modules/locale/org-netbeans-modules-parsing-api_ja.jar"/>
        <file crc="4206116672" name="modules/locale/org-netbeans-modules-parsing-api_pt_BR.jar"/>
        <file crc="2025529184" name="modules/locale/org-netbeans-modules-parsing-api_ru.jar"/>
        <file crc="3179280238" name="modules/locale/org-netbeans-modules-parsing-api_zh_CN.jar"/>
        <file crc="1215696522" name="modules/org-netbeans-modules-parsing-api.jar"/>
    </module_version>
</module>
