<?xml version="1.0" encoding="UTF-8"?><module codename="org.netbeans.lib.terminalemulator">
    <module_version install_time="1360794917636" last="true" origin="installer" specification_version="1.24.1">
        <file crc="3582975702" name="config/Modules/org-netbeans-lib-terminalemulator.xml"/>
        <file crc="3405085537" name="modules/locale/org-netbeans-lib-terminalemulator_ja.jar"/>
        <file crc="4242186243" name="modules/locale/org-netbeans-lib-terminalemulator_pt_BR.jar"/>
        <file crc="3149054988" name="modules/locale/org-netbeans-lib-terminalemulator_ru.jar"/>
        <file crc="1135817520" name="modules/locale/org-netbeans-lib-terminalemulator_zh_CN.jar"/>
        <file crc="2086557450" name="modules/org-netbeans-lib-terminalemulator.jar"/>
    </module_version>
</module>
