<?xml version="1.0" encoding="UTF-8"?><module codename="org.netbeans.modules.spellchecker.apimodule">
    <module_version install_time="1360796386609" last="true" origin="installer" specification_version="1.15.1">
        <file crc="2106395459" name="config/Modules/org-netbeans-modules-spellchecker-apimodule.xml"/>
        <file crc="1558070710" name="modules/locale/org-netbeans-modules-spellchecker-apimodule_ja.jar"/>
        <file crc="784031994" name="modules/locale/org-netbeans-modules-spellchecker-apimodule_pt_BR.jar"/>
        <file crc="1057987314" name="modules/locale/org-netbeans-modules-spellchecker-apimodule_ru.jar"/>
        <file crc="3030320962" name="modules/locale/org-netbeans-modules-spellchecker-apimodule_zh_CN.jar"/>
        <file crc="936806801" name="modules/org-netbeans-modules-spellchecker-apimodule.jar"/>
    </module_version>
</module>
