<?xml version="1.0" encoding="UTF-8"?><module codename="org.netbeans.modules.tasklist.ui/1">
    <module_version install_time="1360797481927" last="true" origin="installer" specification_version="1.21.1.1">
        <file crc="2796626611" name="config/Modules/org-netbeans-modules-tasklist-ui.xml"/>
        <file crc="926389581" name="modules/locale/org-netbeans-modules-tasklist-ui_ja.jar"/>
        <file crc="10305452" name="modules/locale/org-netbeans-modules-tasklist-ui_pt_BR.jar"/>
        <file crc="948691485" name="modules/locale/org-netbeans-modules-tasklist-ui_ru.jar"/>
        <file crc="3674852721" name="modules/locale/org-netbeans-modules-tasklist-ui_zh_CN.jar"/>
        <file crc="3570304114" name="modules/org-netbeans-modules-tasklist-ui.jar"/>
    </module_version>
</module>
