<?xml version="1.0" encoding="UTF-8"?><module codename="org.netbeans.modules.versioning/1">
    <module_version install_time="1360800202312" last="true" origin="installer" specification_version="1.37.1.1">
        <file crc="1304028038" name="config/Modules/org-netbeans-modules-versioning.xml"/>
        <file crc="3574652722" name="modules/locale/org-netbeans-modules-versioning_ja.jar"/>
        <file crc="3160783749" name="modules/locale/org-netbeans-modules-versioning_pt_BR.jar"/>
        <file crc="1713927960" name="modules/locale/org-netbeans-modules-versioning_ru.jar"/>
        <file crc="1753663278" name="modules/locale/org-netbeans-modules-versioning_zh_CN.jar"/>
        <file crc="4083996767" name="modules/org-netbeans-modules-versioning.jar"/>
    </module_version>
</module>
