<?xml version="1.0" encoding="UTF-8"?><module codename="org.netbeans.libs.xerces/1">
    <module_version install_time="1360795142152" last="true" origin="installer" specification_version="1.29.1.280">
        <file crc="1807597417" name="config/Modules/org-netbeans-libs-xerces.xml"/>
        <file crc="1633273124" name="modules/ext/xerces-2.8.0.jar"/>
        <file crc="370249932" name="modules/locale/org-netbeans-libs-xerces_ja.jar"/>
        <file crc="2798285715" name="modules/locale/org-netbeans-libs-xerces_pt_BR.jar"/>
        <file crc="1479616014" name="modules/locale/org-netbeans-libs-xerces_ru.jar"/>
        <file crc="2621674159" name="modules/locale/org-netbeans-libs-xerces_zh_CN.jar"/>
        <file crc="1699772239" name="modules/org-netbeans-libs-xerces.jar"/>
    </module_version>
</module>
