<?xml version="1.0" encoding="UTF-8"?><module codename="org.netbeans.modules.tasklist.todo/1">
    <module_version install_time="1360797492051" last="true" origin="installer" specification_version="1.21.1.1">
        <file crc="496296242" name="config/Modules/org-netbeans-modules-tasklist-todo.xml"/>
        <file crc="3744760512" name="modules/locale/org-netbeans-modules-tasklist-todo_ja.jar"/>
        <file crc="893666868" name="modules/locale/org-netbeans-modules-tasklist-todo_pt_BR.jar"/>
        <file crc="2976018356" name="modules/locale/org-netbeans-modules-tasklist-todo_ru.jar"/>
        <file crc="3159460810" name="modules/locale/org-netbeans-modules-tasklist-todo_zh_CN.jar"/>
        <file crc="2399087869" name="modules/org-netbeans-modules-tasklist-todo.jar"/>
    </module_version>
</module>
