<?xml version="1.0" encoding="UTF-8"?><module codename="org.netbeans.libs.glassfish.sdk">
    <module_version install_time="1360794971344" last="true" origin="installer" specification_version="1.2.1">
        <file crc="3045279307" name="config/Modules/org-netbeans-libs-glassfish-sdk.xml"/>
        <file crc="1478421693" name="modules/ext/glassfish-tooling-sdk.jar"/>
        <file crc="2895110980" name="modules/locale/org-netbeans-libs-glassfish-sdk_ja.jar"/>
        <file crc="902611546" name="modules/locale/org-netbeans-libs-glassfish-sdk_pt_BR.jar"/>
        <file crc="3077004983" name="modules/locale/org-netbeans-libs-glassfish-sdk_ru.jar"/>
        <file crc="2014714174" name="modules/locale/org-netbeans-libs-glassfish-sdk_zh_CN.jar"/>
        <file crc="1414846495" name="modules/org-netbeans-libs-glassfish-sdk.jar"/>
    </module_version>
</module>
