<?xml version="1.0" encoding="UTF-8"?><module codename="org.netbeans.modules.dbapi">
    <module_version install_time="1360797922150" last="true" origin="installer" specification_version="1.24.1.30">
        <file crc="3641521545" name="config/Modules/org-netbeans-modules-dbapi.xml"/>
        <file crc="2212447163" name="modules/locale/org-netbeans-modules-dbapi_ja.jar"/>
        <file crc="3659619326" name="modules/locale/org-netbeans-modules-dbapi_pt_BR.jar"/>
        <file crc="1327213087" name="modules/locale/org-netbeans-modules-dbapi_ru.jar"/>
        <file crc="1639376682" name="modules/locale/org-netbeans-modules-dbapi_zh_CN.jar"/>
        <file crc="2725566475" name="modules/org-netbeans-modules-dbapi.jar"/>
    </module_version>
</module>
