<?xml version="1.0" encoding="UTF-8"?><module codename="org.netbeans.modules.editor.guards/1">
    <module_version install_time="1360796595371" last="true" origin="installer" specification_version="1.20.1">
        <file crc="591587818" name="config/Modules/org-netbeans-modules-editor-guards.xml"/>
        <file crc="882294932" name="modules/locale/org-netbeans-modules-editor-guards_ja.jar"/>
        <file crc="1078420878" name="modules/locale/org-netbeans-modules-editor-guards_pt_BR.jar"/>
        <file crc="1318508176" name="modules/locale/org-netbeans-modules-editor-guards_ru.jar"/>
        <file crc="1891831897" name="modules/locale/org-netbeans-modules-editor-guards_zh_CN.jar"/>
        <file crc="3963929725" name="modules/org-netbeans-modules-editor-guards.jar"/>
    </module_version>
</module>
