<?xml version="1.0" encoding="UTF-8"?><module codename="org.netbeans.modules.html.editor/2">
    <module_version install_time="1360798912866" last="true" origin="installer" specification_version="2.13.1">
        <file crc="2913530181" name="config/Modules/org-netbeans-modules-html-editor.xml"/>
        <file crc="3385998137" name="docs/html-4.01.zip"/>
        <file crc="71022618" name="modules/locale/org-netbeans-modules-html-editor_ja.jar"/>
        <file crc="3049727293" name="modules/locale/org-netbeans-modules-html-editor_pt_BR.jar"/>
        <file crc="2848758736" name="modules/locale/org-netbeans-modules-html-editor_ru.jar"/>
        <file crc="2443989348" name="modules/locale/org-netbeans-modules-html-editor_zh_CN.jar"/>
        <file crc="2506007711" name="modules/org-netbeans-modules-html-editor.jar"/>
    </module_version>
</module>
