<?xml version="1.0" encoding="UTF-8"?><module codename="org.netbeans.modules.web.indent">
    <module_version install_time="1360798845545" last="true" origin="installer" specification_version="1.7.1">
        <file crc="3344998336" name="config/Modules/org-netbeans-modules-web-indent.xml"/>
        <file crc="2181614089" name="modules/locale/org-netbeans-modules-web-indent_ja.jar"/>
        <file crc="3965581864" name="modules/locale/org-netbeans-modules-web-indent_pt_BR.jar"/>
        <file crc="4200113865" name="modules/locale/org-netbeans-modules-web-indent_ru.jar"/>
        <file crc="3128841281" name="modules/locale/org-netbeans-modules-web-indent_zh_CN.jar"/>
        <file crc="685069602" name="modules/org-netbeans-modules-web-indent.jar"/>
    </module_version>
</module>
