<?xml version="1.0" encoding="UTF-8"?><module codename="org.netbeans.modules.editor.search">
    <module_version install_time="1360796877658" last="true" origin="installer" specification_version="1.10.1.0.40">
        <file crc="4056457626" name="config/Modules/org-netbeans-modules-editor-search.xml"/>
        <file crc="2004119290" name="modules/locale/org-netbeans-modules-editor-search_ja.jar"/>
        <file crc="1271619243" name="modules/locale/org-netbeans-modules-editor-search_pt_BR.jar"/>
        <file crc="3825303387" name="modules/locale/org-netbeans-modules-editor-search_ru.jar"/>
        <file crc="4075475500" name="modules/locale/org-netbeans-modules-editor-search_zh_CN.jar"/>
        <file crc="3261763741" name="modules/org-netbeans-modules-editor-search.jar"/>
    </module_version>
</module>
