<?xml version="1.0" encoding="UTF-8"?><module codename="org.netbeans.modules.editor.kit">
    <module_version install_time="1360799050662" last="true" origin="installer" specification_version="1.22.1">
        <file crc="1726315458" name="config/Modules/org-netbeans-modules-editor-kit.xml"/>
        <file crc="3810962895" name="modules/locale/org-netbeans-modules-editor-kit_ja.jar"/>
        <file crc="1470992262" name="modules/locale/org-netbeans-modules-editor-kit_pt_BR.jar"/>
        <file crc="1219263927" name="modules/locale/org-netbeans-modules-editor-kit_ru.jar"/>
        <file crc="4289088652" name="modules/locale/org-netbeans-modules-editor-kit_zh_CN.jar"/>
        <file crc="528132769" name="modules/org-netbeans-modules-editor-kit.jar"/>
    </module_version>
</module>
