<?xml version="1.0" encoding="UTF-8"?><module codename="org.netbeans.modules.editor.actions/1">
    <module_version install_time="1360796734626" last="true" origin="installer" specification_version="1.18.1.40">
        <file crc="992536293" name="config/Modules/org-netbeans-modules-editor-actions.xml"/>
        <file crc="2323547139" name="modules/locale/org-netbeans-modules-editor-actions_ja.jar"/>
        <file crc="1466411791" name="modules/locale/org-netbeans-modules-editor-actions_pt_BR.jar"/>
        <file crc="364383833" name="modules/locale/org-netbeans-modules-editor-actions_ru.jar"/>
        <file crc="1887796216" name="modules/locale/org-netbeans-modules-editor-actions_zh_CN.jar"/>
        <file crc="1502586852" name="modules/org-netbeans-modules-editor-actions.jar"/>
    </module_version>
</module>
