<?xml version="1.0" encoding="UTF-8"?><module codename="org.netbeans.modules.editor.plain/2">
    <module_version install_time="1360796873225" last="true" origin="installer" specification_version="1.25.1">
        <file crc="977811071" name="config/Modules/org-netbeans-modules-editor-plain.xml"/>
        <file crc="642782207" name="modules/locale/org-netbeans-modules-editor-plain_ja.jar"/>
        <file crc="2045807197" name="modules/locale/org-netbeans-modules-editor-plain_pt_BR.jar"/>
        <file crc="3610532573" name="modules/locale/org-netbeans-modules-editor-plain_ru.jar"/>
        <file crc="3996313271" name="modules/locale/org-netbeans-modules-editor-plain_zh_CN.jar"/>
        <file crc="3840716266" name="modules/org-netbeans-modules-editor-plain.jar"/>
    </module_version>
</module>
