<?xml version="1.0" encoding="UTF-8"?><module codename="org.netbeans.modules.editor.indent/2">
    <module_version install_time="1360796382132" last="true" origin="installer" specification_version="1.31.1">
        <file crc="915460559" name="config/Modules/org-netbeans-modules-editor-indent.xml"/>
        <file crc="2692409895" name="modules/locale/org-netbeans-modules-editor-indent_ja.jar"/>
        <file crc="2174551523" name="modules/locale/org-netbeans-modules-editor-indent_pt_BR.jar"/>
        <file crc="3045275503" name="modules/locale/org-netbeans-modules-editor-indent_ru.jar"/>
        <file crc="3978264328" name="modules/locale/org-netbeans-modules-editor-indent_zh_CN.jar"/>
        <file crc="3384347474" name="modules/org-netbeans-modules-editor-indent.jar"/>
    </module_version>
</module>
