<?xml version="1.0" encoding="UTF-8"?><module codename="org.netbeans.modules.tasklist.kit">
    <module_version install_time="1360797495896" last="true" origin="installer" specification_version="1.19.1">
        <file crc="4190722416" name="config/Modules/org-netbeans-modules-tasklist-kit.xml"/>
        <file crc="14768868" name="modules/locale/org-netbeans-modules-tasklist-kit_ja.jar"/>
        <file crc="1244923975" name="modules/locale/org-netbeans-modules-tasklist-kit_pt_BR.jar"/>
        <file crc="3560681601" name="modules/locale/org-netbeans-modules-tasklist-kit_ru.jar"/>
        <file crc="2590540459" name="modules/locale/org-netbeans-modules-tasklist-kit_zh_CN.jar"/>
        <file crc="2892307098" name="modules/org-netbeans-modules-tasklist-kit.jar"/>
    </module_version>
</module>
