<?xml version="1.0" encoding="UTF-8"?><module codename="org.netbeans.modules.editor.plain.lib/1">
    <module_version install_time="1360796741629" last="true" origin="installer" specification_version="1.24.1">
        <file crc="387640368" name="config/Modules/org-netbeans-modules-editor-plain-lib.xml"/>
        <file crc="2601514467" name="modules/locale/org-netbeans-modules-editor-plain-lib_ja.jar"/>
        <file crc="443383311" name="modules/locale/org-netbeans-modules-editor-plain-lib_pt_BR.jar"/>
        <file crc="2207067836" name="modules/locale/org-netbeans-modules-editor-plain-lib_ru.jar"/>
        <file crc="271059213" name="modules/locale/org-netbeans-modules-editor-plain-lib_zh_CN.jar"/>
        <file crc="1880340434" name="modules/org-netbeans-modules-editor-plain-lib.jar"/>
    </module_version>
</module>
