<?xml version="1.0" encoding="UTF-8"?><module codename="org.netbeans.modules.html/1">
    <module_version install_time="1360798904468" last="true" origin="installer" specification_version="1.48.1">
        <file crc="3327855974" name="config/Modules/org-netbeans-modules-html.xml"/>
        <file crc="2372471368" name="modules/locale/org-netbeans-modules-html_ja.jar"/>
        <file crc="3490111357" name="modules/locale/org-netbeans-modules-html_pt_BR.jar"/>
        <file crc="2715145813" name="modules/locale/org-netbeans-modules-html_ru.jar"/>
        <file crc="1455014948" name="modules/locale/org-netbeans-modules-html_zh_CN.jar"/>
        <file crc="54414010" name="modules/org-netbeans-modules-html.jar"/>
    </module_version>
</module>
