<?xml version="1.0" encoding="UTF-8"?><module codename="org.netbeans.modules.dlight.terminal">
    <module_version install_time="1360797963593" last="true" origin="installer" specification_version="1.13.1.1">
        <file crc="2542683547" name="config/Modules/org-netbeans-modules-dlight-terminal.xml"/>
        <file crc="2977948276" name="modules/locale/org-netbeans-modules-dlight-terminal_ja.jar"/>
        <file crc="3396295929" name="modules/locale/org-netbeans-modules-dlight-terminal_pt_BR.jar"/>
        <file crc="2291259063" name="modules/locale/org-netbeans-modules-dlight-terminal_ru.jar"/>
        <file crc="2885557090" name="modules/locale/org-netbeans-modules-dlight-terminal_zh_CN.jar"/>
        <file crc="979693348" name="modules/org-netbeans-modules-dlight-terminal.jar"/>
    </module_version>
</module>
