<?xml version="1.0" encoding="UTF-8"?><module codename="org.netbeans.modules.terminal">
    <module_version install_time="1360797290630" last="true" origin="installer" specification_version="1.13.1">
        <file crc="4156507734" name="config/Modules/org-netbeans-modules-terminal.xml"/>
        <file crc="770091410" name="modules/locale/org-netbeans-modules-terminal_ja.jar"/>
        <file crc="190303471" name="modules/locale/org-netbeans-modules-terminal_pt_BR.jar"/>
        <file crc="3563643540" name="modules/locale/org-netbeans-modules-terminal_ru.jar"/>
        <file crc="1775133342" name="modules/locale/org-netbeans-modules-terminal_zh_CN.jar"/>
        <file crc="1397107928" name="modules/org-netbeans-modules-terminal.jar"/>
    </module_version>
</module>
