<?xml version="1.0" encoding="UTF-8"?><module codename="org.netbeans.modules.usersguide/1">
    <module_version install_time="1360796890646" last="true" origin="installer" specification_version="1.39.1">
        <file crc="75511347" name="config/Modules/org-netbeans-modules-usersguide.xml"/>
        <file crc="1626658020" name="docs/org/netbeans/modules/usersguide/ide.css"/>
        <file crc="32704126" name="modules/docs/org-netbeans-modules-usersguide.jar"/>
        <file crc="960470389" name="modules/locale/org-netbeans-modules-usersguide_ja.jar"/>
        <file crc="1009507853" name="modules/locale/org-netbeans-modules-usersguide_pt_BR.jar"/>
        <file crc="576277720" name="modules/locale/org-netbeans-modules-usersguide_ru.jar"/>
        <file crc="2214774262" name="modules/locale/org-netbeans-modules-usersguide_zh_CN.jar"/>
        <file crc="2756545204" name="modules/org-netbeans-modules-usersguide.jar"/>
    </module_version>
</module>
