<?xml version="1.0" encoding="UTF-8"?><module codename="org.apache.xml.resolver">
    <module_version install_time="1360794848344" last="true" origin="installer" specification_version="1.22.1.12">
        <file crc="3464639154" name="config/Modules/org-apache-xml-resolver.xml"/>
        <file crc="3128285602" name="modules/ext/resolver-1.2.jar"/>
        <file crc="985766331" name="modules/locale/org-apache-xml-resolver_ja.jar"/>
        <file crc="905132409" name="modules/locale/org-apache-xml-resolver_pt_BR.jar"/>
        <file crc="2160404336" name="modules/locale/org-apache-xml-resolver_ru.jar"/>
        <file crc="1985939632" name="modules/locale/org-apache-xml-resolver_zh_CN.jar"/>
        <file crc="26469027" name="modules/org-apache-xml-resolver.jar"/>
    </module_version>
</module>
