<?xml version="1.0" encoding="UTF-8"?><module codename="org.netbeans.modules.html.parser/1">
    <module_version install_time="1360798867633" last="true" origin="installer" specification_version="1.18.1.1">
        <file crc="3195027192" name="config/Modules/org-netbeans-modules-html-parser.xml"/>
        <file crc="509271889" name="docs/html5doc.zip"/>
        <file crc="1599008732" name="modules/ext/html5-parser.jar"/>
        <file crc="494294177" name="modules/ext/icu4j-4_0.jar"/>
        <file crc="1281397064" name="modules/locale/org-netbeans-modules-html-parser_ja.jar"/>
        <file crc="881575941" name="modules/locale/org-netbeans-modules-html-parser_pt_BR.jar"/>
        <file crc="3363054495" name="modules/locale/org-netbeans-modules-html-parser_ru.jar"/>
        <file crc="3050189387" name="modules/locale/org-netbeans-modules-html-parser_zh_CN.jar"/>
        <file crc="2824143856" name="modules/org-netbeans-modules-html-parser.jar"/>
    </module_version>
</module>
