<?xml version="1.0" encoding="UTF-8"?><module codename="org.netbeans.modules.languages.yaml">
    <module_version install_time="1360798197985" last="true" origin="installer" specification_version="2.22.1">
        <file crc="1110107827" name="config/Modules/org-netbeans-modules-languages-yaml.xml"/>
        <file crc="4097956562" name="modules/locale/org-netbeans-modules-languages-yaml_ja.jar"/>
        <file crc="1050736592" name="modules/locale/org-netbeans-modules-languages-yaml_pt_BR.jar"/>
        <file crc="386492107" name="modules/locale/org-netbeans-modules-languages-yaml_ru.jar"/>
        <file crc="2323740711" name="modules/locale/org-netbeans-modules-languages-yaml_zh_CN.jar"/>
        <file crc="157822140" name="modules/org-netbeans-modules-languages-yaml.jar"/>
    </module_version>
</module>
