<?xml version="1.0" encoding="UTF-8"?><module codename="org.netbeans.modules.xml.catalog/2">
    <module_version install_time="1360797000650" last="true" origin="installer" specification_version="1.31.1.4">
        <file crc="4257896318" name="config/Modules/org-netbeans-modules-xml-catalog.xml"/>
        <file crc="1293313145" name="modules/locale/org-netbeans-modules-xml-catalog_ja.jar"/>
        <file crc="774208654" name="modules/locale/org-netbeans-modules-xml-catalog_pt_BR.jar"/>
        <file crc="1688757339" name="modules/locale/org-netbeans-modules-xml-catalog_ru.jar"/>
        <file crc="3921897827" name="modules/locale/org-netbeans-modules-xml-catalog_zh_CN.jar"/>
        <file crc="1586333720" name="modules/org-netbeans-modules-xml-catalog.jar"/>
    </module_version>
</module>
