<?xml version="1.0" encoding="UTF-8"?><module codename="org.netbeans.modules.properties/1">
    <module_version install_time="1360798100546" last="true" origin="installer" specification_version="1.43.1">
        <file crc="2183385895" name="config/Modules/org-netbeans-modules-properties.xml"/>
        <file crc="3901690631" name="modules/locale/org-netbeans-modules-properties_ja.jar"/>
        <file crc="3551642456" name="modules/locale/org-netbeans-modules-properties_pt_BR.jar"/>
        <file crc="997312768" name="modules/locale/org-netbeans-modules-properties_ru.jar"/>
        <file crc="2647803053" name="modules/locale/org-netbeans-modules-properties_zh_CN.jar"/>
        <file crc="2726951230" name="modules/org-netbeans-modules-properties.jar"/>
    </module_version>
</module>
