<?xml version="1.0" encoding="UTF-8"?><module codename="org.netbeans.modules.editor.codetemplates/1">
    <module_version install_time="1360797461447" last="true" origin="installer" specification_version="1.30.1.1">
        <file crc="315605031" name="config/Modules/org-netbeans-modules-editor-codetemplates.xml"/>
        <file crc="2951624412" name="modules/locale/org-netbeans-modules-editor-codetemplates_ja.jar"/>
        <file crc="724927374" name="modules/locale/org-netbeans-modules-editor-codetemplates_pt_BR.jar"/>
        <file crc="1727893199" name="modules/locale/org-netbeans-modules-editor-codetemplates_ru.jar"/>
        <file crc="2262351022" name="modules/locale/org-netbeans-modules-editor-codetemplates_zh_CN.jar"/>
        <file crc="3618912060" name="modules/org-netbeans-modules-editor-codetemplates.jar"/>
    </module_version>
</module>
