<?xml version="1.0" encoding="UTF-8"?><module codename="org.netbeans.modules.options.keymap">
    <module_version install_time="1360797424568" last="true" origin="installer" specification_version="1.25.1">
        <file crc="2363851279" name="config/Modules/org-netbeans-modules-options-keymap.xml"/>
        <file crc="2383660129" name="modules/locale/org-netbeans-modules-options-keymap_ja.jar"/>
        <file crc="1905500057" name="modules/locale/org-netbeans-modules-options-keymap_pt_BR.jar"/>
        <file crc="3043454866" name="modules/locale/org-netbeans-modules-options-keymap_ru.jar"/>
        <file crc="3999273881" name="modules/locale/org-netbeans-modules-options-keymap_zh_CN.jar"/>
        <file crc="2448122763" name="modules/org-netbeans-modules-options-keymap.jar"/>
    </module_version>
</module>
