<?xml version="1.0" encoding="UTF-8"?><module codename="org.netbeans.swing.tabcontrol">
    <module_version install_time="1360796644472" last="true" origin="installer" specification_version="1.42.1">
        <file crc="327432460" name="config/Modules/org-netbeans-swing-tabcontrol.xml"/>
        <file crc="214918202" name="modules/locale/org-netbeans-swing-tabcontrol_ja.jar"/>
        <file crc="3595816193" name="modules/locale/org-netbeans-swing-tabcontrol_pt_BR.jar"/>
        <file crc="3642473112" name="modules/locale/org-netbeans-swing-tabcontrol_ru.jar"/>
        <file crc="4146221609" name="modules/locale/org-netbeans-swing-tabcontrol_zh_CN.jar"/>
        <file crc="3755552410" name="modules/org-netbeans-swing-tabcontrol.jar"/>
    </module_version>
</module>
