<?xml version="1.0" encoding="UTF-8"?><module codename="org.netbeans.modules.favorites/1">
    <module_version install_time="1360796700220" last="true" origin="installer" specification_version="1.32.1">
        <file crc="1394443980" name="config/Modules/org-netbeans-modules-favorites.xml"/>
        <file crc="1698938765" name="modules/locale/org-netbeans-modules-favorites_ja.jar"/>
        <file crc="1968215719" name="modules/locale/org-netbeans-modules-favorites_pt_BR.jar"/>
        <file crc="2541171587" name="modules/locale/org-netbeans-modules-favorites_ru.jar"/>
        <file crc="1849404404" name="modules/locale/org-netbeans-modules-favorites_zh_CN.jar"/>
        <file crc="284539571" name="modules/org-netbeans-modules-favorites.jar"/>
    </module_version>
</module>
