<?xml version="1.0" encoding="UTF-8"?><module codename="org.netbeans.modules.autoupdate.cli">
    <module_version install_time="1360796547843" last="true" origin="installer" specification_version="1.3.1">
        <file crc="1140292232" name="config/Modules/org-netbeans-modules-autoupdate-cli.xml"/>
        <file crc="2510727164" name="modules/locale/org-netbeans-modules-autoupdate-cli_ja.jar"/>
        <file crc="1620813635" name="modules/locale/org-netbeans-modules-autoupdate-cli_pt_BR.jar"/>
        <file crc="215127776" name="modules/locale/org-netbeans-modules-autoupdate-cli_ru.jar"/>
        <file crc="2206557121" name="modules/locale/org-netbeans-modules-autoupdate-cli_zh_CN.jar"/>
        <file crc="2426710489" name="modules/org-netbeans-modules-autoupdate-cli.jar"/>
    </module_version>
</module>
