<?xml version="1.0" encoding="UTF-8"?><module codename="org.openide.filesystems">
    <module_version install_time="1360796190593" last="true" origin="installer" specification_version="8.5.1">
        <file crc="4169761098" name="config/ModuleAutoDeps/org-openide-filesystems.xml"/>
        <file crc="1530059874" name="core/locale/org-openide-filesystems_ja.jar"/>
        <file crc="1344359429" name="core/locale/org-openide-filesystems_pt_BR.jar"/>
        <file crc="4134303240" name="core/locale/org-openide-filesystems_ru.jar"/>
        <file crc="3074805067" name="core/locale/org-openide-filesystems_zh_CN.jar"/>
        <file crc="2633361666" name="core/org-openide-filesystems.jar"/>
    </module_version>
</module>
