<?xml version="1.0" encoding="UTF-8"?><module codename="org.netbeans.modules.core.kit">
    <module_version install_time="1360797742828" last="true" origin="installer" specification_version="1.20.1">
        <file crc="973410181" name="VERSION.txt"/>
        <file crc="2391224559" name="config/Modules/org-netbeans-modules-core-kit.xml"/>
        <file crc="3882551682" name="modules/locale/org-netbeans-modules-core-kit_ja.jar"/>
        <file crc="27851045" name="modules/locale/org-netbeans-modules-core-kit_pt_BR.jar"/>
        <file crc="3977878792" name="modules/locale/org-netbeans-modules-core-kit_ru.jar"/>
        <file crc="2328128164" name="modules/locale/org-netbeans-modules-core-kit_zh_CN.jar"/>
        <file crc="375434224" name="modules/org-netbeans-modules-core-kit.jar"/>
    </module_version>
</module>
