<?xml version="1.0" encoding="UTF-8"?><module codename="org.netbeans.modules.masterfs.windows">
    <module_version install_time="1360796272333" last="true" origin="installer" specification_version="1.4.1">
        <file crc="2941073432" name="config/Modules/org-netbeans-modules-masterfs-windows.xml"/>
        <file crc="3837745073" name="modules/locale/org-netbeans-modules-masterfs-windows_ja.jar"/>
        <file crc="1796899597" name="modules/locale/org-netbeans-modules-masterfs-windows_pt_BR.jar"/>
        <file crc="856293058" name="modules/locale/org-netbeans-modules-masterfs-windows_ru.jar"/>
        <file crc="1419467155" name="modules/locale/org-netbeans-modules-masterfs-windows_zh_CN.jar"/>
        <file crc="1743757400" name="modules/org-netbeans-modules-masterfs-windows.jar"/>
    </module_version>
</module>
