<?xml version="1.0" encoding="UTF-8"?><module codename="org.netbeans.modules.autoupdate.services">
    <module_version install_time="1360796538628" last="true" origin="installer" specification_version="1.39.1">
        <file crc="83784818" name="config/Modules/org-netbeans-modules-autoupdate-services.xml"/>
        <file crc="1887302210" name="modules/ext/locale/updater_ja.jar"/>
        <file crc="3946215466" name="modules/ext/locale/updater_pt_BR.jar"/>
        <file crc="3040494150" name="modules/ext/locale/updater_ru.jar"/>
        <file crc="3433836343" name="modules/ext/locale/updater_zh_CN.jar"/>
        <file crc="1010343884" name="modules/ext/updater.jar"/>
        <file crc="400176401" name="modules/locale/org-netbeans-modules-autoupdate-services_ja.jar"/>
        <file crc="2622603226" name="modules/locale/org-netbeans-modules-autoupdate-services_pt_BR.jar"/>
        <file crc="3743110473" name="modules/locale/org-netbeans-modules-autoupdate-services_ru.jar"/>
        <file crc="688531053" name="modules/locale/org-netbeans-modules-autoupdate-services_zh_CN.jar"/>
        <file crc="3865731124" name="modules/org-netbeans-modules-autoupdate-services.jar"/>
    </module_version>
</module>
