<?xml version="1.0" encoding="UTF-8"?><module codename="org.netbeans.core.execution/1">
    <module_version install_time="1360797044832" last="true" origin="installer" specification_version="1.31.1">
        <file crc="131205059" name="config/Modules/org-netbeans-core-execution.xml"/>
        <file crc="2174995293" name="modules/locale/org-netbeans-core-execution_ja.jar"/>
        <file crc="1526111026" name="modules/locale/org-netbeans-core-execution_pt_BR.jar"/>
        <file crc="845860861" name="modules/locale/org-netbeans-core-execution_ru.jar"/>
        <file crc="3958296526" name="modules/locale/org-netbeans-core-execution_zh_CN.jar"/>
        <file crc="2343263883" name="modules/org-netbeans-core-execution.jar"/>
    </module_version>
</module>
