<?xml version="1.0" encoding="UTF-8"?><module codename="org.netbeans.modules.settings/1">
    <module_version install_time="1360796902662" last="true" origin="installer" specification_version="1.38.1">
        <file crc="554047262" name="config/Modules/org-netbeans-modules-settings.xml"/>
        <file crc="558144451" name="modules/locale/org-netbeans-modules-settings_ja.jar"/>
        <file crc="3353754774" name="modules/locale/org-netbeans-modules-settings_pt_BR.jar"/>
        <file crc="1937544105" name="modules/locale/org-netbeans-modules-settings_ru.jar"/>
        <file crc="1880704620" name="modules/locale/org-netbeans-modules-settings_zh_CN.jar"/>
        <file crc="489615324" name="modules/org-netbeans-modules-settings.jar"/>
    </module_version>
</module>
