<?xml version="1.0" encoding="UTF-8"?><module codename="org.netbeans.modules.autoupdate.ui">
    <module_version install_time="1360797391633" last="true" origin="installer" specification_version="1.33.1">
        <file crc="123778612" name="config/Modules/org-netbeans-modules-autoupdate-ui.xml"/>
        <file crc="246888509" name="modules/locale/org-netbeans-modules-autoupdate-ui_ja.jar"/>
        <file crc="732200017" name="modules/locale/org-netbeans-modules-autoupdate-ui_pt_BR.jar"/>
        <file crc="1936636348" name="modules/locale/org-netbeans-modules-autoupdate-ui_ru.jar"/>
        <file crc="3829753449" name="modules/locale/org-netbeans-modules-autoupdate-ui_zh_CN.jar"/>
        <file crc="498488931" name="modules/org-netbeans-modules-autoupdate-ui.jar"/>
    </module_version>
</module>
