<?xml version="1.0" encoding="UTF-8"?><module codename="org.openide.explorer">
    <module_version install_time="1360796654408" last="true" origin="installer" specification_version="6.50.1">
        <file crc="4044847399" name="config/ModuleAutoDeps/org-openide-explorer.xml"/>
        <file crc="3046209104" name="config/Modules/org-openide-explorer.xml"/>
        <file crc="3345545021" name="modules/locale/org-openide-explorer_ja.jar"/>
        <file crc="474126008" name="modules/locale/org-openide-explorer_pt_BR.jar"/>
        <file crc="1982885127" name="modules/locale/org-openide-explorer_ru.jar"/>
        <file crc="4229734063" name="modules/locale/org-openide-explorer_zh_CN.jar"/>
        <file crc="3338240688" name="modules/org-openide-explorer.jar"/>
    </module_version>
</module>
