<?xml version="1.0" encoding="UTF-8"?><module codename="org.netbeans.spi.quicksearch">
    <module_version install_time="1360796638285" last="true" origin="installer" specification_version="1.17.1">
        <file crc="2420451830" name="config/Modules/org-netbeans-spi-quicksearch.xml"/>
        <file crc="449725196" name="modules/locale/org-netbeans-spi-quicksearch_ja.jar"/>
        <file crc="3797267709" name="modules/locale/org-netbeans-spi-quicksearch_pt_BR.jar"/>
        <file crc="2700482562" name="modules/locale/org-netbeans-spi-quicksearch_ru.jar"/>
        <file crc="2833745564" name="modules/locale/org-netbeans-spi-quicksearch_zh_CN.jar"/>
        <file crc="1471254363" name="modules/org-netbeans-spi-quicksearch.jar"/>
    </module_version>
</module>
