<?xml version="1.0" encoding="UTF-8"?><module codename="org.netbeans.core.multiview/1">
    <module_version install_time="1360796602938" last="true" origin="installer" specification_version="1.32.1">
        <file crc="3216778929" name="config/Modules/org-netbeans-core-multiview.xml"/>
        <file crc="1354207001" name="modules/locale/org-netbeans-core-multiview_ja.jar"/>
        <file crc="1776642800" name="modules/locale/org-netbeans-core-multiview_pt_BR.jar"/>
        <file crc="712985206" name="modules/locale/org-netbeans-core-multiview_ru.jar"/>
        <file crc="467075699" name="modules/locale/org-netbeans-core-multiview_zh_CN.jar"/>
        <file crc="189564519" name="modules/org-netbeans-core-multiview.jar"/>
    </module_version>
</module>
