<?xml version="1.0" encoding="UTF-8"?><module codename="org.netbeans.modules.masterfs.solaris">
    <module_version install_time="1360796287040" last="true" origin="installer" specification_version="1.4.1">
        <file crc="124835977" name="config/Modules/org-netbeans-modules-masterfs-solaris.xml"/>
        <file crc="1302890555" name="modules/locale/org-netbeans-modules-masterfs-solaris_ja.jar"/>
        <file crc="1426428794" name="modules/locale/org-netbeans-modules-masterfs-solaris_pt_BR.jar"/>
        <file crc="92360731" name="modules/locale/org-netbeans-modules-masterfs-solaris_ru.jar"/>
        <file crc="231921120" name="modules/locale/org-netbeans-modules-masterfs-solaris_zh_CN.jar"/>
        <file crc="1132242967" name="modules/org-netbeans-modules-masterfs-solaris.jar"/>
    </module_version>
</module>
