<?xml version="1.0" encoding="UTF-8"?><module codename="org.netbeans.core.ui/1">
    <module_version install_time="1360797296343" last="true" origin="installer" specification_version="1.35.1">
        <file crc="3186674130" name="config/Modules/org-netbeans-core-ui.xml"/>
        <file crc="2361395861" name="modules/locale/org-netbeans-core-ui_ja.jar"/>
        <file crc="1937152293" name="modules/locale/org-netbeans-core-ui_pt_BR.jar"/>
        <file crc="3532841475" name="modules/locale/org-netbeans-core-ui_ru.jar"/>
        <file crc="2527425812" name="modules/locale/org-netbeans-core-ui_zh_CN.jar"/>
        <file crc="1570157918" name="modules/org-netbeans-core-ui.jar"/>
    </module_version>
</module>
