<?xml version="1.0" encoding="UTF-8"?><module codename="org.openide.windows">
    <module_version install_time="1360796575923" last="true" origin="installer" specification_version="6.60.1">
        <file crc="3877728110" name="config/Modules/org-openide-windows.xml"/>
        <file crc="3927884190" name="modules/locale/org-openide-windows_ja.jar"/>
        <file crc="2572002236" name="modules/locale/org-openide-windows_pt_BR.jar"/>
        <file crc="1495015840" name="modules/locale/org-openide-windows_ru.jar"/>
        <file crc="2848315362" name="modules/locale/org-openide-windows_zh_CN.jar"/>
        <file crc="751153600" name="modules/org-openide-windows.jar"/>
    </module_version>
</module>
