<?xml version="1.0" encoding="UTF-8"?><module codename="org.openide.io">
    <module_version install_time="1360796105962" last="true" origin="installer" specification_version="1.35.1">
        <file crc="3834804485" name="config/Modules/org-openide-io.xml"/>
        <file crc="1535327885" name="modules/locale/org-openide-io_ja.jar"/>
        <file crc="3958873267" name="modules/locale/org-openide-io_pt_BR.jar"/>
        <file crc="2387345288" name="modules/locale/org-openide-io_ru.jar"/>
        <file crc="3423991024" name="modules/locale/org-openide-io_zh_CN.jar"/>
        <file crc="2128938140" name="modules/org-openide-io.jar"/>
    </module_version>
</module>
