<?xml version="1.0" encoding="UTF-8"?><module codename="org.openide.nodes">
    <module_version install_time="1360796422918" last="true" origin="installer" specification_version="7.33.1">
        <file crc="11361373" name="config/ModuleAutoDeps/org-openide-nodes.xml"/>
        <file crc="3092369940" name="config/Modules/org-openide-nodes.xml"/>
        <file crc="2779608629" name="modules/locale/org-openide-nodes_ja.jar"/>
        <file crc="1307056727" name="modules/locale/org-openide-nodes_pt_BR.jar"/>
        <file crc="3792525805" name="modules/locale/org-openide-nodes_ru.jar"/>
        <file crc="2729440781" name="modules/locale/org-openide-nodes_zh_CN.jar"/>
        <file crc="2140746829" name="modules/org-openide-nodes.jar"/>
    </module_version>
</module>
