<?xml version="1.0" encoding="UTF-8"?><module codename="org.netbeans.api.search">
    <module_version install_time="1360796689015" last="true" origin="installer" specification_version="1.8.1">
        <file crc="3710953649" name="config/Modules/org-netbeans-api-search.xml"/>
        <file crc="976965039" name="modules/locale/org-netbeans-api-search_ja.jar"/>
        <file crc="879508601" name="modules/locale/org-netbeans-api-search_pt_BR.jar"/>
        <file crc="276123200" name="modules/locale/org-netbeans-api-search_ru.jar"/>
        <file crc="2822235904" name="modules/locale/org-netbeans-api-search_zh_CN.jar"/>
        <file crc="2866841009" name="modules/org-netbeans-api-search.jar"/>
    </module_version>
</module>
